-- MySQL dump 10.13  Distrib 5.7.19, for Linux (x86_64)
--
-- Host: localhost    Database: uhlu
-- ------------------------------------------------------
-- Server version	5.7.19-0ubuntu0.16.04.1

/*!40101 SET @OLD_CHARACTER_SET_CLIENT=@@CHARACTER_SET_CLIENT */;
/*!40101 SET @OLD_CHARACTER_SET_RESULTS=@@CHARACTER_SET_RESULTS */;
/*!40101 SET @OLD_COLLATION_CONNECTION=@@COLLATION_CONNECTION */;
/*!40101 SET NAMES utf8 */;
/*!40103 SET @OLD_TIME_ZONE=@@TIME_ZONE */;
/*!40103 SET TIME_ZONE='+00:00' */;
/*!40014 SET @OLD_UNIQUE_CHECKS=@@UNIQUE_CHECKS, UNIQUE_CHECKS=0 */;
/*!40014 SET @OLD_FOREIGN_KEY_CHECKS=@@FOREIGN_KEY_CHECKS, FOREIGN_KEY_CHECKS=0 */;
/*!40101 SET @OLD_SQL_MODE=@@SQL_MODE, SQL_MODE='NO_AUTO_VALUE_ON_ZERO' */;
/*!40111 SET @OLD_SQL_NOTES=@@SQL_NOTES, SQL_NOTES=0 */;

--
-- Table structure for table `fichasmedicas`
--

DROP TABLE IF EXISTS `fichasmedicas`;
/*!40101 SET @saved_cs_client     = @@character_set_client */;
/*!40101 SET character_set_client = utf8 */;
CREATE TABLE `fichasmedicas` (
  `idfichamedica` int(11) NOT NULL AUTO_INCREMENT,
  `fechadeact` date NOT NULL,
  `personadecontacto1` varchar(100) COLLATE utf8_unicode_ci NOT NULL,
  `parentesco1` varchar(50) COLLATE utf8_unicode_ci NOT NULL,
  `telefonocontacto1` varchar(50) COLLATE utf8_unicode_ci NOT NULL,
  `personadecontacto2` varchar(100) COLLATE utf8_unicode_ci NOT NULL,
  `parentesco2` varchar(50) COLLATE utf8_unicode_ci NOT NULL,
  `telefonocontacto2` varchar(50) COLLATE utf8_unicode_ci NOT NULL,
  `emailcontacto` varchar(80) COLLATE utf8_unicode_ci NOT NULL,
  `tiposangre` varchar(20) COLLATE utf8_unicode_ci NOT NULL,
  `peso` varchar(10) COLLATE utf8_unicode_ci NOT NULL,
  `estatura` varchar(10) COLLATE utf8_unicode_ci NOT NULL,
  `nafiliacion` varchar(100) COLLATE utf8_unicode_ci NOT NULL,
  `seguro` varchar(50) COLLATE utf8_unicode_ci NOT NULL,
  `especificacionseguro` varchar(100) COLLATE utf8_unicode_ci NOT NULL,
  `pieplano` tinyint(4) NOT NULL,
  `zapatoorto` tinyint(4) NOT NULL,
  `operacionreciente` tinyint(4) NOT NULL,
  `esp1` varchar(100) COLLATE utf8_unicode_ci NOT NULL,
  `limitacion` tinyint(4) NOT NULL,
  `esp2` varchar(100) COLLATE utf8_unicode_ci NOT NULL,
  `trans` tinyint(4) NOT NULL,
  `esp3` varchar(100) COLLATE utf8_unicode_ci NOT NULL,
  `alergias` tinyint(4) NOT NULL,
  `esp4` varchar(100) COLLATE utf8_unicode_ci NOT NULL,
  `enfermedad` tinyint(4) NOT NULL,
  `esp5` varchar(100) COLLATE utf8_unicode_ci NOT NULL,
  `tratamiento` tinyint(4) NOT NULL,
  `esp6` varchar(100) COLLATE utf8_unicode_ci NOT NULL,
  `veroir` tinyint(4) NOT NULL,
  `esp7` varchar(100) COLLATE utf8_unicode_ci NOT NULL,
  `aparato` tinyint(4) NOT NULL,
  `esp8` varchar(100) COLLATE utf8_unicode_ci NOT NULL,
  `dieta` tinyint(4) NOT NULL,
  `esp9` varchar(100) COLLATE utf8_unicode_ci NOT NULL,
  `toma` tinyint(4) NOT NULL,
  `esp10` varchar(100) COLLATE utf8_unicode_ci NOT NULL,
  `vacunas` tinyint(4) NOT NULL,
  `embarazada` tinyint(4) NOT NULL,
  `natacion` tinyint(4) NOT NULL,
  `scout` varchar(15) COLLATE utf8_unicode_ci NOT NULL,
  PRIMARY KEY (`idfichamedica`),
  UNIQUE KEY `scout_2` (`scout`) USING BTREE,
  KEY `scout` (`scout`) USING BTREE,
  CONSTRAINT `fichasmedicas_ibfk_1` FOREIGN KEY (`scout`) REFERENCES `scouts` (`cum`) ON DELETE CASCADE ON UPDATE CASCADE
) ENGINE=InnoDB AUTO_INCREMENT=152 DEFAULT CHARSET=utf8 COLLATE=utf8_unicode_ci;
/*!40101 SET character_set_client = @saved_cs_client */;

--
-- Dumping data for table `fichasmedicas`
--

LOCK TABLES `fichasmedicas` WRITE;
/*!40000 ALTER TABLE `fichasmedicas` DISABLE KEYS */;
INSERT INTO `fichasmedicas` VALUES (1,'2016-09-19','','','','','','','','SIN TIPO','','','','Ninguno','',0,0,0,'',0,'',0,'',0,'',0,'',0,'',0,'',0,'',0,'',0,'',0,0,0,'DGO12'),(2,'2016-09-19','MetZtli lara','Mama','6181547753','Raúl Gamiz ','Papa','6181556851','Laramtztli@hotmail.com','O+','50','1.63','','Otro','Seguro popular',0,0,0,'',0,'',0,'',0,'',0,'',0,'',0,'',1,'Braquet',0,'',0,'',1,0,2,'Dgo10'),(4,'2016-10-22','Claudia Elizabeth Pérez Lainez','Mamá','6181121415','Isabel Lainez Rojas','Abuela','6181648169','jcj_claudia@hotmail.com','O+','61 kg','1.67','31937436363','IMSS','',0,0,0,'',0,'',0,'',0,'',0,'',0,'',1,'Ver',0,'',0,'',0,'',1,0,2,'DGO1430076'),(5,'2017-08-17','Olga Margarita Silero Rutiaga','Mamá','6181383554','','','6181343988','omsr1402@hotmail.com','O+','56 kg','1.63','28927014069','IMSS','',0,0,0,'',0,'',0,'',1,'Penicilina',0,'',0,'',1,'Para leer',0,'',0,'',0,'',0,0,1,'DGO1410084'),(9,'2016-10-22','Guadalupe de Jesús Burciaga Gómez','Mamá','6181711228','','','','','A+','38 kg','1.50','BUGG671212/8','ISSSTE','',0,0,0,'',0,'',0,'',0,'',0,'',0,'',0,'',1,'Brackets',0,'',0,'',0,0,1,'DGO1010138'),(10,'2016-09-22','','','','','','','','SIN TIPO','','','','Ninguno','',0,0,0,'',0,'',0,'',0,'',0,'',0,'',0,'',0,'',0,'',0,'',0,0,0,'DGO1020168'),(11,'2016-10-07','','','','','','','','SIN TIPO','','','','Ninguno','',0,0,0,'',0,'',0,'',0,'',0,'',0,'',0,'',0,'',0,'',0,'',0,0,0,'DGO1620047'),(13,'2016-10-22','Jaime Rosas Alvarado','Papá','6181975335','Marcela Huerta Saucedo','Mamá','6181975033','','AB+','44 kg.','1.60','','Particular','',0,0,0,'',0,'',0,'',0,'',0,'',0,'',0,'',0,'',0,'',0,'',1,0,1,'DGO1220125'),(14,'2016-09-22','','','','','','','','SIN TIPO','','','','Ninguno','',0,0,0,'',0,'',0,'',0,'',0,'',0,'',0,'',0,'',0,'',0,'',0,0,0,'DGO1520236'),(15,'2017-03-11','Miriam Mayela López Rodríguez','Mamá','6182015995','Francisco Javier Leyva Gutierrez','Papá','6181098222','mmlopez@grupoimperial.com.mx','A+','45 kg','1.65','31998007681','IMSS','',0,0,0,'',0,'',0,'',0,'',0,'',0,'',0,'',1,'',0,'',0,'',1,0,1,'DGO1020133'),(18,'2016-10-23','Xóchitl Beatriz Lara Miranda','Mamá','6181194886','Luis Alonso Meraz Hernández','Papá','6181191208','xobelami@hotmail.com','O+','39 kg','1.53','31107601289','IMSS','',0,0,0,'',0,'',0,'',0,'',0,'',0,'',0,'',0,'',0,'',0,'',1,0,1,'DGO1640057'),(19,'2017-03-11','Rocío Soto Nevarez ','Madre','6181657647','Luis Jesús Nava Herrera','Padre','6181585740','','O+','45 kg','1.76','NAHL720609/7','ISSSTE','',0,0,0,'',0,'',0,'',0,'',0,'',1,'Alergia, Rinitis',0,'',0,'',0,'',0,'',1,0,1,'DGO1440284'),(20,'2016-10-23','Eloy Moreno Ibarra','Padre','6181450127','Sonia Delgado Vargas','Madre','6181450144','sonia.d.v@hotmail.com','B+','28 kg','1.40','K1240916','Particular','AXXA (Seguro de gastos médicos mayores)',0,0,0,'',0,'',0,'',0,'',0,'',0,'',0,'',0,'',0,'',0,'',1,0,1,'DGO1310009'),(21,'2017-03-11','Victor Hugo Carrasco Guitiérrez','Padre','6181512185','','','','','O+','54 kg','1.60','3191724306-0','IMSS','',0,0,0,'',0,'',0,'',0,'',0,'',0,'',0,'',0,'',0,'',0,'',1,0,2,'DGO1410195'),(22,'2016-09-22','Alejandra Moreno Reyes ','Mamá','6181310288','Manuel Moreno Ávila','Abuelo','6181226425','maya.2321@yahoo.com.mx','O+','40 kg','1.50','3191761288-4','IMSS','',0,0,0,'',0,'',0,'',0,'',0,'',0,'',0,'',0,'',0,'',0,'',1,0,1,'DGO1110067'),(24,'2016-10-22','','','','','','','','SIN TIPO','','','','Ninguno','',0,0,0,'',0,'',0,'',0,'',0,'',0,'',0,'',0,'',0,'',0,'',0,0,0,'DGO1110168'),(28,'2016-10-07','','','','','','','','SIN TIPO','','','','Ninguno','',0,0,0,'',0,'',0,'',0,'',0,'',0,'',0,'',0,'',0,'',0,'',0,0,0,'DGO1630140'),(29,'2016-10-07','','','','','','','','SIN TIPO','','','','Ninguno','',0,0,0,'',0,'',0,'',0,'',0,'',0,'',0,'',0,'',0,'',0,'',0,0,0,'DGO1630085'),(30,'2016-10-07','','','','','','','','SIN TIPO','','','','Ninguno','',0,0,0,'',0,'',0,'',0,'',0,'',0,'',0,'',0,'',0,'',0,'',0,0,0,'DGO1630137'),(31,'2016-10-07','','','','','','','','SIN TIPO','','','','Ninguno','',0,0,0,'',0,'',0,'',0,'',0,'',0,'',0,'',0,'',0,'',0,'',0,0,0,'DGO1630160'),(32,'2016-10-07','','','','','','','','SIN TIPO','','','','Ninguno','',0,0,0,'',0,'',0,'',0,'',0,'',0,'',0,'',0,'',0,'',0,'',0,0,0,'DGO1610076'),(33,'2016-10-07','','','','','','','','SIN TIPO','','','','Ninguno','',0,0,0,'',0,'',0,'',0,'',0,'',0,'',0,'',0,'',0,'',0,'',0,0,0,'DGO1610134'),(34,'2016-10-07','','','','','','','','SIN TIPO','','','','Ninguno','',0,0,0,'',0,'',0,'',0,'',0,'',0,'',0,'',0,'',0,'',0,'',0,0,0,'DGO1610133'),(35,'2016-10-07','','','','','','','','SIN TIPO','','','','Ninguno','',0,0,0,'',0,'',0,'',0,'',0,'',0,'',0,'',0,'',0,'',0,'',0,0,0,'DGO1610075'),(36,'2016-10-07','','','','','','','','SIN TIPO','','','','Ninguno','',0,0,0,'',0,'',0,'',0,'',0,'',0,'',0,'',0,'',0,'',0,'',0,0,0,'DGO1630159'),(37,'2016-10-07','','','','','','','','SIN TIPO','','','','Ninguno','',0,0,0,'',0,'',0,'',0,'',0,'',0,'',0,'',0,'',0,'',0,'',0,0,0,'DGO1640089'),(38,'2016-10-07','','','','','','','','SIN TIPO','','','','Ninguno','',0,0,0,'',0,'',0,'',0,'',0,'',0,'',0,'',0,'',0,'',0,'',0,0,0,'DGO1630132'),(39,'2016-10-08','','','','','','','','SIN TIPO','','','','Ninguno','',0,0,0,'',0,'',0,'',0,'',0,'',0,'',0,'',0,'',0,'',0,'',0,0,0,'jdhicybshj'),(40,'2016-10-08','','','','','','','','SIN TIPO','','','','Ninguno','',0,0,0,'',0,'',0,'',0,'',0,'',0,'',0,'',0,'',0,'',0,'',0,0,0,'xbbnd'),(41,'2016-10-08','','','','','','','','SIN TIPO','','','','Ninguno','',0,0,0,'',0,'',0,'',0,'',0,'',0,'',0,'',0,'',0,'',0,'',0,0,0,'dbcdh'),(42,'2016-10-08','','','','','','','','SIN TIPO','','','','Ninguno','',0,0,0,'',0,'',0,'',0,'',0,'',0,'',0,'',0,'',0,'',0,'',0,0,0,'bchd'),(43,'2016-10-08','Ana Moreno Cruz','Madre','618-178-12-78','','','','','O+','33 kg','1.51 mts','','ISSSTE','',0,0,0,'',0,'',0,'',0,'',0,'',0,'',0,'',0,'',0,'',0,'',0,0,0,'DGO1220197'),(44,'2016-10-08','Gorety Nieves Lara','Mamá','618-133-29-26','','','','','SIN TIPO','','','','Ninguno','',0,0,0,'',0,'',0,'',1,'Ampicilina y Neomelubrina',0,'',0,'',0,'',0,'',0,'',0,'',0,0,0,'DGO1110134'),(45,'2016-10-08','Hilda Cabral de la Torre','Mamá','618-109-81-99','Francisco Javier Ocon Alvarado','Padre','618-153-42-15','','O+','60 kg','1.60 mts ','','IMSS','',0,0,0,'',0,'',0,'',0,'',1,'Propenso',1,'Sindrome de Cornelia de lange',0,'',0,'',0,'',0,'',0,0,0,'DGO1020010'),(46,'2016-10-08','Hilda Olivia Chavez Ponce','Mamá','618-188-98-58','','','','','O+','47 kg','1.50 mts','','IMSS','',0,0,0,'',0,'',0,'',0,'',0,'',0,'',0,'',0,'',0,'',0,'',0,0,0,'DGO1630077'),(47,'2016-10-08','BEATRIZ DEL ROCIO ZURITA RIOS','Mamá','618-109-81-31','IVAN RICARDO NUÑEZ LOSOYA','Padre','','','O+','','','','Ninguno','',0,0,0,'',0,'',0,'',0,'',0,'',0,'',0,'',0,'',0,'',0,'',0,0,0,'dgo'),(48,'2016-10-08','','','','','','','','SIN TIPO','','','','Ninguno','',0,0,0,'',0,'',0,'',0,'',0,'',0,'',0,'',0,'',0,'',0,'',0,0,0,'Xxxxxxxxxxx'),(49,'2016-10-09','','','','','','','','SIN TIPO','','','','Ninguno','',0,0,0,'',0,'',0,'',0,'',0,'',0,'',0,'',0,'',0,'',0,'',0,0,0,'TXT'),(50,'2016-10-10','','','','','','','','SIN TIPO','','','','Ninguno','',0,0,0,'',0,'',0,'',0,'',0,'',0,'',0,'',0,'',0,'',0,'',0,0,0,''),(51,'2016-10-10','Ricardo Garcia Romo','Padre','','','','','','SIN TIPO','','','','Ninguno','',0,0,0,'',0,'',0,'',0,'',0,'',0,'',0,'',0,'',0,'',0,'',0,0,0,'AGS16384'),(52,'2016-10-10','','','','','','','','SIN TIPO','','','','Ninguno','',0,0,0,'',0,'',0,'',0,'',0,'',0,'',0,'',0,'',0,'',0,'',0,0,0,'AGS1263848'),(53,'2016-10-11','VLuna','Mama','5906661515','AP','Papa','5555555','alanbanano@gmail.com','B-','100','161','','Particular','Gastos Medicos Mayores',1,0,0,'',0,'',0,'',0,'',0,'',0,'',0,'',0,'',0,'',0,'',0,0,2,'MGO160008'),(54,'2016-10-11','Clemente Lorenzo','Padre','5510474297','Jacqueline Resendiz ','Madre','5526675668','','A+','80','172','01836410853M95','IMSS','Estudiante',0,0,0,'',0,'',0,'',1,'Penicilina, eritromicina ',0,'',1,'Asma',0,'',0,'',1,'Carbohidratos',0,'',0,0,1,'AOB0220181'),(55,'2016-10-11','','','','','','','','SIN TIPO','','','','Ninguno','',0,0,0,'',0,'',0,'',0,'',0,'',0,'',0,'',0,'',0,'',0,'',0,0,0,'Hgo0760225'),(56,'2016-10-11','Laura Liliana Lozano Torres','Esposa','8711134747','Marco Antonio Lozano Portillo','Suegro','','','O+','75','1.70','','IMSS','',0,0,0,'',0,'',0,'',0,'',0,'',0,'',0,'',0,'',0,'',0,'',1,0,1,'LAG1390218'),(57,'2016-10-11','','','','','','','','SIN TIPO','','','','Ninguno','',0,0,0,'',0,'',0,'',0,'',0,'',0,'',0,'',0,'',0,'',0,'',0,0,0,'AOB1310051'),(58,'2016-10-11','','','','','','','','SIN TIPO','','','','Ninguno','',0,0,0,'',0,'',0,'',0,'',0,'',0,'',0,'',0,'',0,'',0,'',0,0,0,'AOB1630155'),(59,'2016-10-25','','','','','','','','SIN TIPO','','','','Ninguno','',0,0,0,'',0,'',0,'',0,'',0,'',0,'',0,'',0,'',0,'',0,'',0,0,0,'MIC1540232'),(60,'2016-10-12','','','','','','','','SIN TIPO','','','','Ninguno','',0,0,0,'',0,'',0,'',0,'',0,'',0,'',0,'',0,'',0,'',0,'',0,0,0,'nay1400567'),(61,'2016-10-13','','','','','','','','SIN TIPO','','','','Ninguno','',0,0,0,'',0,'',0,'',0,'',0,'',0,'',0,'',0,'',0,'',0,'',0,0,0,'1111'),(62,'2016-10-13','','','','','','','','SIN TIPO','','','','Ninguno','',0,0,0,'',0,'',0,'',0,'',0,'',0,'',0,'',0,'',0,'',0,'',0,0,0,'NLN1240405'),(63,'2016-10-13','','','','','','','','SIN TIPO','','','','Ninguno','',0,0,0,'',0,'',0,'',0,'',0,'',0,'',0,'',0,'',0,'',0,'',0,0,0,'CHS1140139'),(64,'2016-10-13','','','','','','','','SIN TIPO','','','','Ninguno','',0,0,0,'',0,'',0,'',0,'',0,'',0,'',0,'',0,'',0,'',0,'',0,0,0,'coy1290160'),(65,'2016-10-14','','','','','','','','O+','53,300','1.55','','Ninguno','',1,0,0,'',0,'',0,'',0,'',0,'',0,'',1,'ver, usa lentes',0,'',0,'',1,'toma',1,0,1,'iza0630368'),(66,'2017-04-18','Yolanda E. Acosta Cahu','','9811257152','','','','','B+','65 kg','1.68 metro','8193700246 73M','IMSS','',0,0,0,'',0,'',0,'',0,'',0,'',0,'',0,'',0,'',0,'',0,'',1,0,1,'CMP1540092'),(67,'2016-11-14','Aurelia Isable De Guadalupe Blanco López','Madre','9811262977','Augusto Alberto León Moo','Padre','9811181501','isabela78@live.com.mx','O+','39','1.40 cm','BALA780117/80','ISSSTE','',0,0,0,'',0,'',0,'',0,'',0,'',0,'',0,'',0,'',0,'',0,'',1,0,1,'CMP1610021'),(68,'2016-12-03','','','','','','','','SIN TIPO','','','','Ninguno','',0,0,0,'',0,'',0,'',0,'',0,'',0,'',0,'',0,'',0,'',0,'',0,0,0,'CMP1610055'),(69,'2016-10-21','','','','','','','','SIN TIPO','','','','Ninguno','',0,0,0,'',0,'',0,'',0,'',0,'',0,'',0,'',0,'',0,'',0,'',0,0,0,'CMP1540015'),(70,'2017-05-13','José Ernesto López López','Padre','9818193242','Silvia Jaqueline Segura Guillén','Madre','0449811089662','jello_x@hotmail.com','B+','38','1.43 m','','ISSSTE','',0,0,0,'',0,'',0,'',0,'',0,'',0,'',1,'',0,'',0,'',0,'',1,0,1,'CMP1510063'),(71,'2016-10-14','','','','','','','','SIN TIPO','','','','Ninguno','',0,0,0,'',0,'',0,'',0,'',0,'',0,'',0,'',0,'',0,'',0,'',0,0,0,'GT11240339'),(72,'2017-06-13','MERCEDES LOPEZ FLORES','TIA','57390591','CATALINA ESPINOSA RIVERA','MADRE','57428068','','A+','61','1.52','','Ninguno','',0,0,0,'',0,'',0,'',0,'',0,'',0,'',0,'',0,'',0,'',0,'',0,0,1,'VCA0310341'),(73,'2016-10-17','','','','','','','','SIN TIPO','','','','Ninguno','',0,0,0,'',0,'',0,'',0,'',0,'',0,'',0,'',0,'',0,'',0,'',0,0,0,'MIC1610172'),(74,'2016-10-17','','','','','','','','SIN TIPO','','','','Ninguno','',0,0,0,'',0,'',0,'',0,'',0,'',0,'',0,'',0,'',0,'',0,'',0,0,0,'MIC1630115'),(75,'2016-10-17','','','','','','','','SIN TIPO','','','','Ninguno','',0,0,0,'',0,'',0,'',0,'',0,'',0,'',0,'',0,'',0,'',0,'',0,0,0,'MIC1630168'),(76,'2016-10-17','','','','','','','','SIN TIPO','','','','Ninguno','',0,0,0,'',0,'',0,'',0,'',0,'',0,'',0,'',0,'',0,'',0,'',0,0,0,'MIC1540107'),(77,'2016-10-17','','','','','','','','SIN TIPO','','','','Ninguno','',0,0,0,'',0,'',0,'',0,'',0,'',0,'',0,'',0,'',0,'',0,'',0,0,0,'MIC0920052'),(78,'2016-10-17','','','','','','','','SIN TIPO','','','','Ninguno','',0,0,0,'',0,'',0,'',0,'',0,'',0,'',0,'',0,'',0,'',0,'',0,0,0,'MIC1640117'),(79,'2016-10-17','','','','','','','','SIN TIPO','','','','Ninguno','',0,0,0,'',0,'',0,'',0,'',0,'',0,'',0,'',0,'',0,'',0,'',0,0,0,'MIC1220209'),(80,'2016-10-17','','','','','','','','SIN TIPO','','','','Ninguno','',0,0,0,'',0,'',0,'',0,'',0,'',0,'',0,'',0,'',0,'',0,'',0,0,0,'MIC1020222'),(81,'2016-10-17','','','','','','','','SIN TIPO','','','','Ninguno','',0,0,0,'',0,'',0,'',0,'',0,'',0,'',0,'',0,'',0,'',0,'',0,0,0,'MIC1120386'),(82,'2016-10-17','','','','','','','','SIN TIPO','','','','Ninguno','',0,0,0,'',0,'',0,'',0,'',0,'',0,'',0,'',0,'',0,'',0,'',0,0,0,'MIC0920490'),(83,'2016-10-17','','','','','','','','SIN TIPO','','','','Ninguno','',0,0,0,'',0,'',0,'',0,'',0,'',0,'',0,'',0,'',0,'',0,'',0,0,0,'MIC1640169'),(84,'2016-10-17','','','','','','','','SIN TIPO','','','','Ninguno','',0,0,0,'',0,'',0,'',0,'',0,'',0,'',0,'',0,'',0,'',0,'',0,0,0,'MIC1610165'),(85,'2016-10-17','','','','','','','','SIN TIPO','','','','Ninguno','',0,0,0,'',0,'',0,'',0,'',0,'',0,'',0,'',0,'',0,'',0,'',0,0,0,'MIC1320288'),(88,'2017-02-23','','','','','','','','SIN TIPO','','','','Ninguno','',0,0,0,'',0,'',0,'',0,'',0,'',0,'',0,'',0,'',0,'',0,'',1,0,1,'BCN1410377'),(90,'2016-11-07','Norma Patricia Maldonado','Madre','5517970230','Arturo J. Rodríguez','Padre','5513933015','','A+','','','MARN630801','ISSSTE','PARTICULAR: dr. Héctor Avila    Av. Chilpancingo 116 consultorio 7   tel. 5529024416',0,0,0,'',0,'',0,'',0,'',0,'',0,'',0,'',0,'',0,'',0,'',1,0,1,'coy1430242'),(91,'2016-11-07','','','','','','','','SIN TIPO','','','','Ninguno','',0,0,0,'',0,'',0,'',0,'',0,'',0,'',0,'',0,'',0,'',0,'',0,0,0,'COA0910285'),(92,'2016-11-07','','','','','','','','SIN TIPO','','','','Ninguno','',0,0,0,'',0,'',0,'',0,'',0,'',0,'',0,'',0,'',0,'',0,'',0,0,0,'COY1510183'),(93,'2016-11-08','Veronica Tello López','Madre','56410683','Héctor Tello cano','Padre','55 20794336','Héctor.tello84@hotmail.com','SIN TIPO','','','','Ninguno','',0,0,0,'',0,'',0,'',1,'Penicilina',0,'',0,'',0,'',0,'',0,'',0,'',1,0,0,'COY1310127'),(94,'2016-11-08','','','','','','','','SIN TIPO','','','','Ninguno','',0,0,0,'',0,'',0,'',0,'',0,'',0,'',0,'',0,'',0,'',0,'',0,0,0,'COY1540052'),(95,'2016-11-14','','','','','','','','SIN TIPO','','','','Ninguno','',0,0,0,'',0,'',0,'',0,'',0,'',0,'',0,'',0,'',0,'',0,'',0,0,0,'CMP1320013'),(96,'2016-12-01','','','','','','','','SIN TIPO','','','','Ninguno','',0,0,0,'',0,'',0,'',0,'',0,'',0,'',0,'',0,'',0,'',0,'',0,0,0,'DGO1620058'),(97,'2016-12-01','','','','','','','','SIN TIPO','','','','Ninguno','',0,0,0,'',0,'',0,'',0,'',0,'',0,'',0,'',0,'',0,'',0,'',0,0,0,'DGO1120042'),(98,'2017-08-03','Patricia sanchez Nuñez','Madre','6181498834','','','','Itafema@hotmail.com','O+','68 kg','1.82 ','','Ninguno','',0,0,0,'',0,'',0,'',0,'',0,'',0,'',0,'',0,'',0,'',0,'',1,0,1,'DGO1020130'),(99,'2016-12-02','Salida Daniela Martínez ','Madre','6182039634','','','','','O+','48 kg','1.56 ','','Ninguno','',0,0,0,'',0,'',0,'',0,'',0,'',0,'',0,'',0,'',0,'',0,'',1,0,1,'BCN0910309'),(100,'2017-08-03','Magdalena flores Diaz','Madre','6181544753','','','','','SIN TIPO','','1.78','','Ninguno','',0,0,0,'',0,'',0,'',0,'',0,'',0,'',0,'',0,'',0,'',0,'',1,0,0,'DGO1140088'),(101,'2017-08-03','Monica Villarreal Flores','Madre','6181597712','','','','','SIN TIPO','46kg','1.55','','Particular','Dr. Sergio Morales',0,0,0,'',0,'',0,'',0,'',0,'',0,'',0,'',0,'',0,'',0,'',1,0,0,'DGO1330063'),(102,'2017-08-03','Ana María Rocha Ochoa','Madre','6181524025','','','','','O+','45 kg','1.64','','ISSSTE','',0,0,0,'',0,'',0,'',0,'',0,'',0,'',0,'',0,'',0,'',0,'',1,0,1,'DGO1540183'),(103,'2016-12-03','Abel Morales Valenzuela','Padre','618-158-7405','Nohemi Garcia R.','Madre','618-149-4262','','A+','43','','','IMSS','',0,0,0,'',0,'',0,'',0,'',0,'',0,'',0,'',0,'',0,'',0,'',1,0,1,'DGO1340167'),(104,'2017-04-06','','','','','','','','A+','48Kg','1.45','','ISSSTE','',1,0,0,'',0,'',0,'',0,'',0,'',0,'',1,'miopia',0,'',0,'',0,'',1,0,0,'DGO1320095'),(105,'2017-01-18','Victor Valdez Fraga','PAPA','8641141963','Angelina Rocha Castillo','Abuela','8646162254','','O+','22','1.20','','IMSS','',0,0,0,'',0,'',0,'',1,'Chocolate',0,'',1,'RITALIN',0,'',0,'',0,'',0,'',1,0,1,'COH1234567'),(106,'2017-01-20','','','','','','','','SIN TIPO','','','','Ninguno','',0,0,0,'',0,'',0,'',0,'',0,'',0,'',0,'',0,'',0,'',0,'',0,0,0,'BJU0610317'),(107,'2017-06-11','','','','','','','','SIN TIPO','','','','Ninguno','',0,0,0,'',0,'',0,'',0,'',0,'',0,'',0,'',0,'',0,'',0,'',0,0,0,'DGO1530038'),(108,'2017-02-12','José Raúl Graciano Pacheco','Padre','6181164120','Esperanza Gonzalez Robles','Madre','6181122476','rgraciano_p@hotmail.com','O+','41kg','1.44','','ISSSTE','',0,0,0,'',0,'',0,'',1,'Amoxicilina con ácido clavulánico',0,'',0,'',1,'mipia',0,'',0,'',0,'',1,0,0,'DGO1320134'),(109,'2017-04-06','','','','','','','','SIN TIPO','','','','Ninguno','',0,0,0,'',0,'',0,'',0,'',0,'',0,'',0,'',0,'',0,'',0,'',0,0,0,'DGO1410037'),(110,'2017-06-11','','','','','','','','SIN TIPO','','','','Ninguno','',0,0,0,'',0,'',0,'',0,'',0,'',0,'',0,'',0,'',0,'',0,'',0,0,0,'DGO1110200'),(111,'2017-06-11','Sergio Martinez Galindo','Padre','6182259836','Marielena Chávez Ortíz','Madre','6182608251','','A+','50 kg','1.63 m','','Otro','Seguro Popular',0,0,0,'',0,'',0,'',0,'',0,'',0,'',0,'',0,'',0,'',0,'',0,0,0,'DGO1120159'),(112,'2017-04-06','Julia Elena Sánchez Solis','Madre','6181646319','Carlo Ricardo Sosa Ibañez','Padre','6181544845','julie1849@hotmail.com','O+','56kg','1.56m','REG: 00637 RFC:SO1C710820/1','ISSSTE','',0,0,0,'',0,'',0,'',1,'Sulfas',0,'',0,'',0,'',0,'',0,'',0,'',0,0,0,'DGO1420176'),(113,'2017-02-19','','','','','','','','SIN TIPO','','','','Ninguno','',0,0,0,'',0,'',0,'',0,'',0,'',0,'',0,'',0,'',0,'',0,'',0,0,0,'DGO1120156'),(115,'2017-06-11','','','','','','','','SIN TIPO','','','','Ninguno','',0,0,0,'',0,'',0,'',0,'',0,'',0,'',0,'',0,'',0,'',0,'',0,0,0,'DGO1520253'),(116,'2017-06-11','Claudia Liliana Calvo Quinteros','Madre','6188046654','Estaniciada Quinteros Diaz','Abuela','6181703603','claudia.calvo.quinteros@outlook.com','AB+','45 kg','1.51 m','','ISSSTE','',0,0,0,'',1,'Taquicardia esporádica',0,'',0,'',0,'',0,'',0,'',0,'',0,'',0,'',1,0,0,'DGO1630253'),(117,'2017-02-09','','','','','','','','SIN TIPO','','','','Ninguno','',0,0,0,'',0,'',0,'',0,'',0,'',0,'',0,'',0,'',0,'',0,'',0,0,0,'BJU0810351'),(118,'2017-02-09','ALEJANDRO CHANG','PADRE','','','','','alejandro.chang@cfe.gob.mx','SIN TIPO','','','','Ninguno','',0,0,0,'',0,'',0,'',0,'',0,'',0,'',0,'',0,'',0,'',0,'',0,0,0,'BJU1430325'),(119,'2017-02-09','','','','','','','','SIN TIPO','','','','Ninguno','',0,0,0,'',0,'',0,'',0,'',0,'',0,'',0,'',0,'',0,'',0,'',0,0,0,'BJU0810318'),(120,'2017-02-09','','','','','','','','SIN TIPO','','','','Ninguno','',0,0,0,'',0,'',0,'',0,'',0,'',0,'',0,'',0,'',0,'',0,'',0,0,0,'BJU1140112'),(121,'2017-04-06','Jesus F. Tinoco Arreola','Padre','6181537518','Nora Beatriz Miranda','Madre','6182113633','chuy_tinoco@hotmail.com','O+','52kg','1.60','','IMSS','',1,0,0,'',1,'Asma',0,'',0,'',0,'',0,'',0,'',0,'',0,'',0,'',0,0,1,'DGO1220017'),(122,'2017-02-21','','','','','','','','SIN TIPO','','','','Ninguno','',0,0,0,'',0,'',0,'',0,'',0,'',0,'',0,'',0,'',0,'',0,'',0,0,0,'VCA1680014'),(123,'2017-02-21','','','','','','','','SIN TIPO','','','','Ninguno','',0,0,0,'',0,'',0,'',0,'',0,'',0,'',0,'',0,'',0,'',0,'',0,0,0,'BJU0620316'),(124,'2017-02-21','','','','','','','','SIN TIPO','','','','Ninguno','',0,0,0,'',0,'',0,'',0,'',0,'',0,'',0,'',0,'',0,'',0,'',0,0,0,'VCA1590039'),(126,'2017-03-06','','','','','','','','SIN TIPO','','','','Ninguno','',0,0,0,'',0,'',0,'',0,'',0,'',0,'',0,'',0,'',0,'',0,'',0,0,0,'DGO1640108'),(127,'2017-03-06','','','','','','','','SIN TIPO','','','','Ninguno','',0,0,0,'',0,'',0,'',0,'',0,'',0,'',0,'',0,'',0,'',0,'',0,0,0,'DGO1630046'),(128,'2017-08-08','Juvenal Castorena Contreras','Padre','4491115690','Hilda Raudry Ortega','Madre','4498905200','jjcastorena@yahoo.com','A+','58 kg','1.65','','Ninguno','',0,0,0,'',0,'',1,'',0,'',0,'',0,'',0,'',0,'',0,'',0,'',0,0,1,'AGS0710306'),(129,'2017-08-08','','','','','','','','SIN TIPO','','','','Ninguno','',0,0,0,'',0,'',0,'',0,'',0,'',0,'',0,'',0,'',0,'',0,'',0,0,0,'AGS1770070'),(130,'2017-06-15','','','','','','','','SIN TIPO','','','','Ninguno','',0,0,0,'',0,'',0,'',0,'',0,'',0,'',0,'',0,'',0,'',0,'',0,0,0,'AGS0940456'),(131,'2017-03-31','','','','','','','','SIN TIPO','','','','Ninguno','',0,0,0,'',0,'',0,'',0,'',0,'',0,'',0,'',0,'',0,'',0,'',0,0,0,'AGS0940181'),(132,'2017-08-08','','','','','','','','SIN TIPO','','','','Ninguno','',0,0,0,'',0,'',0,'',0,'',0,'',0,'',0,'',0,'',0,'',0,'',0,0,0,'AGS1560135'),(133,'2017-08-08','','','','','','','','SIN TIPO','','','','Ninguno','',0,0,0,'',0,'',0,'',0,'',0,'',0,'',0,'',0,'',0,'',0,'',0,0,0,'AGS1780061'),(134,'2017-08-08','','','','','','','','SIN TIPO','','','','Ninguno','',0,0,0,'',0,'',0,'',0,'',0,'',0,'',0,'',0,'',0,'',0,'',0,0,0,'AGS1580137'),(135,'2017-06-15','','','','','','','','SIN TIPO','','','','Ninguno','',0,0,0,'',0,'',0,'',0,'',0,'',0,'',0,'',0,'',0,'',0,'',0,0,0,'AGS1670119'),(136,'2017-05-06','Fabiola Brito Galeana','Madre ','6181450434','Edi Isabel Peña Rivas','Niñera','6181541547','Ediisabelpeñarivas@hotmail.com','O+','50','1.50','','Ninguno','',0,0,0,'',0,'',0,'',0,'',0,'',0,'',0,'',0,'',1,'Pollo, carne, brócoli',0,'',1,0,0,'Dgo1234567'),(137,'2017-04-06','Anahí Hernandez Roja','Madre','6182665925','Juan Manuel Bermudez Ramirez','Padre','6188154715','Anahi. Hero@gmail.com','O+','40kg','1.55','','Ninguno','',0,0,0,'',0,'',0,'',0,'',0,'',0,'',0,'',0,'',0,'',0,'',0,0,0,'DGO1520140'),(138,'2017-04-17','','','','','','','','SIN TIPO','','','','Ninguno','',0,0,0,'',0,'',0,'',0,'',0,'',0,'',0,'',0,'',0,'',0,'',0,0,0,'Dgo11'),(139,'2017-04-18','JUANA YAMILE CHUC SIERRA','MADRE','9811542675','ELIAZAR JESÚS QUEB CAHUICH','PADRE','9811637409','juanita_chuc@hotmail.com','A+','56.200 kg','1.47 metro','81068000273f2004OR','IMSS','',0,0,0,'',0,'',0,'',0,'',0,'',0,'',1,'MIOPIA',0,'',0,'',0,'',1,0,0,'CMP1730020'),(140,'2017-04-18','','','','','','','','SIN TIPO','','','','Ninguno','',0,0,0,'',0,'',0,'',0,'',0,'',0,'',0,'',0,'',0,'',0,'',0,0,0,'CMP1710022'),(141,'2017-04-26','','','','','','','','SIN TIPO','','','','Ninguno','',0,0,0,'',0,'',0,'',0,'',0,'',0,'',0,'',0,'',0,'',0,'',0,0,0,'AGS0720146'),(142,'2017-04-26','','','','','','','','SIN TIPO','','','','Ninguno','',0,0,0,'',0,'',0,'',0,'',0,'',0,'',0,'',0,'',0,'',0,'',0,0,0,'AGS0820384'),(143,'2017-04-26','','','','','','','','SIN TIPO','','','','Ninguno','',0,0,0,'',0,'',0,'',0,'',0,'',0,'',0,'',0,'',0,'',0,'',0,0,0,'AGS0720225'),(144,'2017-04-26','','','','','','','','SIN TIPO','','','','Ninguno','',0,0,0,'',0,'',0,'',0,'',0,'',0,'',0,'',0,'',0,'',0,'',0,0,0,'AGS1660034'),(145,'2017-04-28','','','','','','','','SIN TIPO','','','','Ninguno','',0,0,0,'',0,'',0,'',0,'',0,'',0,'',0,'',0,'',0,'',0,'',0,0,0,'DGO1720042'),(146,'2017-05-11','','','','','','','','SIN TIPO','','','','Ninguno','',0,0,0,'',0,'',0,'',0,'',0,'',0,'',0,'',0,'',0,'',0,'',0,0,0,'ABC2342342'),(147,'2017-06-15','','','','','','','','SIN TIPO','','','','Ninguno','',0,0,0,'',0,'',0,'',0,'',0,'',0,'',0,'',0,'',0,'',0,'',0,0,0,'AGS12'),(148,'2017-08-08','','','','','','','','SIN TIPO','','','','Ninguno','',0,0,0,'',0,'',0,'',0,'',0,'',0,'',0,'',0,'',0,'',0,'',0,0,0,'AGS08'),(149,'2017-06-15','','','','','','','','SIN TIPO','','','','Ninguno','',0,0,0,'',0,'',0,'',0,'',0,'',0,'',0,'',0,'',0,'',0,'',0,0,0,'AGS15'),(150,'2017-08-08','','','','','','','','SIN TIPO','','','','Ninguno','',0,0,0,'',0,'',0,'',0,'',0,'',0,'',0,'',0,'',0,'',0,'',0,0,0,'AGS09'),(151,'2017-08-08','Ismael Ruiz martinez','Padre','6182999050','Norma L. Barrientos mtuz','Madre','6181128572','Cjsjosh3@gmail.com','O+','54','1.65','3186-66-2058-1','IMSS','',0,0,0,'',0,'',0,'',0,'',0,'',0,'',1,'Miopia',0,'',0,'',0,'',0,0,1,'Dgo1740062');
/*!40000 ALTER TABLE `fichasmedicas` ENABLE KEYS */;
UNLOCK TABLES;

--
-- Table structure for table `fichasreme`
--

DROP TABLE IF EXISTS `fichasreme`;
/*!40101 SET @saved_cs_client     = @@character_set_client */;
/*!40101 SET character_set_client = utf8 */;
CREATE TABLE `fichasreme` (
  `_id` int(11) NOT NULL AUTO_INCREMENT,
  `nombreactividad` varchar(50) COLLATE utf8_unicode_ci NOT NULL DEFAULT 'SIN NOMBRE DE ACTIVIDAD',
  `seccion` varchar(50) COLLATE utf8_unicode_ci NOT NULL,
  `areadesarrollo` varchar(50) COLLATE utf8_unicode_ci NOT NULL DEFAULT 'SIN AREA DEFINIDA',
  `participantes` varchar(50) COLLATE utf8_unicode_ci NOT NULL DEFAULT 'SIN ESPECIFICAR',
  `objetivo` varchar(500) COLLATE utf8_unicode_ci NOT NULL DEFAULT 'SIN OBJETIVO DEFINIDO',
  `descripcion` varchar(1000) COLLATE utf8_unicode_ci NOT NULL DEFAULT 'SIN DESCRIPCION PROPORCIONADA',
  `recomendaciones` varchar(150) COLLATE utf8_unicode_ci NOT NULL DEFAULT 'SIN RECOMENDACIONES',
  `tiempos` varchar(50) COLLATE utf8_unicode_ci NOT NULL DEFAULT 'SIN TIEMPOS DEFINIDOS',
  `materiales` varchar(200) COLLATE utf8_unicode_ci NOT NULL DEFAULT 'SIN MATERIALES DEFINIDOS',
  `fecha` datetime DEFAULT NULL,
  `autor` int(11) NOT NULL,
  PRIMARY KEY (`_id`),
  KEY `autor` (`autor`) USING BTREE,
  CONSTRAINT `fichasreme_ibfk_1` FOREIGN KEY (`autor`) REFERENCES `users` (`id`) ON DELETE CASCADE ON UPDATE CASCADE
) ENGINE=InnoDB AUTO_INCREMENT=31 DEFAULT CHARSET=utf8 COLLATE=utf8_unicode_ci;
/*!40101 SET character_set_client = @saved_cs_client */;

--
-- Dumping data for table `fichasreme`
--

LOCK TABLES `fichasreme` WRITE;
/*!40000 ALTER TABLE `fichasreme` DISABLE KEYS */;
INSERT INTO `fichasreme` VALUES (1,'Tronquitos','manada','corporalidad','Todos','Inreractuar toda la manada y crear lazos fuertes','Se colocan todos los ni&ntilde;os en el suelo acostados panza abajo, uno de ellos se rueda lo m&aacute;s r&aacute;pido posible tratando de hacer el menor tiempo, gana el que mas r&aacute;pido lo haga.','Supervisar que no se golpeen con sus zapatos.','25min','SIN MATERIALES','2016-10-10 00:00:00',84),(3,'Veo a traves de los ojos de otro lobo','manada','caracter','6 o mas','IM: Escucho a los demas lobatos y lobeznas, a mis papas y a mis dirigentes.','-Se dividir&aacute;n en parejas y se colocan de frente.\r\n-A uno se le entregara un dibujo a base de figuras geom&eacute;tricas y al otro un l&aacute;piz y un papel.\r\n-el que tiene el dibujo va a ir describiendolo mientras el otro Lobato estara reproduciendolo en su papel.\r\n-se cambian de roles.\r\n-se comenta entre todos cu&aacute;l fue la parte m&aacute;s dificil y la m&aacute;s f&aacute;cil.','Intentar que lobatos que no se hablen sean pareja para que se conozcan.','20min','-1 dibujo por pareja</br>-2 hojas por pareja</br>-1 lapiz por pareja</br>','2016-10-24 00:00:00',27),(4,'Pasando a Mowgli','manada','corporalidad','6 o mas','IM: Participo en actividades que me ayudan a tener un cuerpo cada vez mas fuerte, agil, veloz y flexible.','Se coloca una meta a 10mtrs de distancia que seran las moradas frias, al silbatazo cort&oacute; el primer Lobato pasa a Mowgli (pelota) por entre sus piernas al compa&ntilde;ero de atr&aacute;s de el. Cuando Mowgli llega al final de la seisena, el &uacute;ltimo Lobato lo toma entre sus brazos y corre al principio de la seisena y vuelven a comenzar el juego. gana la seisena que llegue primero a la meta establecida.','Iniciar con la historia en la que Mowgli fue raptado por los bandarlogs y llevado a las moradas frias.','15-20min','-1 pelota por seisena</br>','2016-11-08 00:00:00',27),(7,'Nudo humano','tropa','sociabilidad','','Aprender. Tomar acuerdos y luderazgo','Se forma un circulo cerrado cuerpo a cuerpo con los integrantes y se les pide levantar su mano derecha la cual extiende hacia el frente tomando la de su compa&ntilde;ero que les quede de frente, luego la izquierda a cualquiera menos a los que tengan en sus dos lados inmediatos.\r\nSe organizar&aacute;n para desenrredarse sin soltar las manos hasta quedar un circulo sin judos y tomados de las manos.','Se puede hacer cualquier movimiento sin soltarse de las manos','5 minutos','SIN MATERIALES','2016-12-01 01:14:36',387),(8,'Pizca de huevos','tropa','sociabilidad','4-8','Organizaci&oacute;n grupal y cooperaci&oacute;n','Se coloca una cantidad de pelotas frente a los equipos y se les dar&aacute; un palo por cada integrante, al silbatazo se les pedir&aacute; que solo con ayuda del palo , en equipo tomar&aacute;n una pelota y la llevar&aacute;n hasta el lugar donde se encuentre un recipiente para juntar las m&aacute;s posibles.','Se podr&aacute; tener una variante de dificultad mezlando huevos de verdad con las pelotas','10-15 min','-Palos de paletas largos, pelotas de goma , recipientes de boca angosta</br>','2016-12-01 00:00:00',387),(9,'Evolucion Scout','tropa','sociabilidad','','Interacci&oacute;n y contacto entre los integrantes de diferentes patrullas','Es el juego cl&aacute;sico de piedra, papel o tijera. Se indica que al corto se formaran parejas -los participantes iniciar&aacute;n siendo un huevo-, mencionaran la frase Ichi Mini Joy y elegir&aacute;n con su mano que votar (papel gana a piedra, piedra a tijera y tijera a papel) el ganador evolucionar&aacute; a pollo, buscar&aacute; a su igual y repetir&aacute; su tiro, eta vez la evoluci&oacute;n ser&aacute; a gallina, posteriormente a chango, luego a humano y finalmente ser&aacute; un gur&uacute;. Ganar&aacute; el juego la patrulla que cuente con el mayor n&uacute;mero de gurus.','-','5-10 min','SIN MATERIALES','2016-12-01 04:07:24',361),(10,'Base Felina','tropa','creatividad','','Toma de decisiones en corto tiempo ','Es el juego de gato, se forman los casilleros con aros de pl&aacute;stico, un miembro de cada patrulla tirara por turnos. Cada tiro se realizar&aacute; con una pa&ntilde;oleta, el juego termina cuando una patrulla logre hacer un linea','-','5-10 min','-Aros de plástico de aproximadamente 50 cm de diámetro (9 pzas)</br>-</br>','2016-12-01 04:38:00',361),(11,'Veo, veo','tropa','creatividad','','Invitar a los participantes a tomar atenci&oacute;n de su entorno y relacionar las indicaciones con el objeto que buscan','El scouter comienza el juego con la frase veo, veonuna cosita que cosa es: un participante de cadanpatrulla intentar&aacute; adivinar por turno el objeto que el\r\nScouter observa, podr&aacute; pedir que le mencione una pista para facilitar adivinar el objeto. Gana la patrulla que adivine primero cu&aacute;l es el objeto.','-','5-10 min','SIN MATERIALES','2016-12-01 04:42:59',361),(12,'Vamos a estirarnos','tropa','corporalidad','2 o m&aacute;s ','Conocer que tan lelej,pueden llegar,a estirar su cuerpo, sin ser latimado.','Cada patrulla deber&aacute; hacer una tira humana, uniendo las puntas de los pies sin despegarse, tratandose de estirar lo mas que puedan.','Estirarse lo que su cuerpo pueda soportar, y no ecxederse para evitar una lesi&oacute;n ','5 min','-Cinta de medir</br>','2016-12-01 00:00:00',39),(13,'PERSIGUIENDO LA BANDERA','tropa','corporalidad','4 O MAS','que el scout sepa que es bueno ejercitarse con ayuda de un equipo','Se amarran unas ligas gruesas a un arbol o poste, a cierta distancia se entierran o podr&aacute;n banderas.Un integrante de cada patrulla deber&aacute; amarrarse a la liga y utilizar su fuerza para poder alcanzar las banderas, gana el que mas banderas junte en menos tiempo','Tener cuidado con las lesiones f&iacute;sicas causadas por la fuerza empleada','15 min','-10 banderas( pañuelos)  2 ligas gruesas</br>','2016-12-01 05:32:56',387),(14,'Estructuras que unen','tropa','corporalidad','10 a mas','Que por medio de la la agilidad mental y fisica puedan desarrollar sus destresas corporales para llegar su objetivo','Se desarrollara teniendo dos vasijas una con agua y la otra sola.Elegir a una persona por patrulla para pasar por arriba. Se formara una hilera de parejas por patrulla,cada pareja tendra un tramo de madera como de 30cm por la que pasara la persona que se eligio.la persona que se eligio para pasar llevara un resipiente con agua el cual tendra que pasar por ensima de los troncos que sostendran cada pareja de patrulleros hasta llegar a la vasija que esta sola la cual se tiene que llenar','Observar cuidadosamente el procedimento por desarrollarse en cuestion de la forma que se va subir al patrullero para evitar leciones ','15 a 20','-Tramos de madera de 30cm,  4 recipientes grandes(cubetas o vasijas),2 resipientes pequeños (vasos o tazas) </br>','2016-12-01 15:33:51',362),(15,'Enredados ','tropa','creatividad','De 6 a 9','Fortalecer las habilidades de la patrulla para solucionar problemas en equipo','Se lleva previamente elaborada una trenza con 8 cabos de aproximadamente 3 metros de largo.\r\n\r\nDos patrulla a la vez se colocan una a cada extremo de la trenza y se atan un cabo al tobillo.\r\n\r\nLa trenza siempre debe permanecer tensa a la vez que la patrulla trata de deshacer la misma.\r\n\r\nLa actividad termina cuando se agota el tiempo o la trenza es  deshecha completamente.\r\n\r\nSe califica la capacidad de la patrulla para completar el reto ','Que los participantes no estiren demaciado la trenza.','10-15min','-</br>','2016-12-01 16:14:53',360),(16,'Buscaminas ','tropa','creatividad','12 a 16','El scout fortalezca su capacidad de aprender y resolver problemas','Dos equipos se forman al pie de una cuadr&iacute;cula, al silbatazo corto, salen de uno en uno para cruzar &quot;el campo de minas&quot;. De acuerdo al mapa del campo que el scouter tendr&aacute;, (donde est&aacute;n ubicadas la bombas) determinar&aacute; si se regresa hasta el principio o si contin&uacute;a, el equipo que complete primero el campo, ser&aacute; mejor calificado. ','','10-15 min','-Plano cuadriculado del campo de minas y 5 mapas de las bombas en la cuadrícula</br>','2016-12-01 17:02:15',363),(17,'Dakji','tropa','corporalidad','2 o m&aacute;s ','Potenciar la capacidad de concentracion y destreza del muchacho','El dakji esbun juego popular coreano, que funciona como los tacos en M&eacute;xico,  el dakji es hecho con papel o cart&oacute;n (sera sustituido por monedas antiguas)\r\nCada patrulla tendra dos dakji, tendra un turno consecuente, si alguno de los integrantes voltea el dakji del contrincante, este saldr&aacute; del juego y por ende perdera.','Cada vez que un jugador tire, los demas darle su espacio.','5 min','-Monedas antiguas</br>','2016-12-01 19:26:15',39),(18,'Cuanto aguantas?','tropa','corporalidad','','que los chicos  aprendan a controlar  su cuerpo a pesar de las  advercidades q se les precenten','deberan ponerce en pocicion de vela mientras el transcurso del tiempo se les  daran diferentes tareas a realizar ( detener  cierto numero de pelotas mientras mantienen la pocicion ) al no lograrlo seran merecedores de un castigo (toques) :)','tener cuidado con lesiones fisicas q puedan originase al estar en la pocision sugerida ','5 a 10min','-pelotas de goma,maquina para dar toques :)</br>','2016-12-01 21:37:12',14),(20,'Bailas??','tropa','corporalidad','10 o mas','Todos los participantes logren estar dentro del c&iacute;rculo ','Al ritmo de la m&uacute;sica, los scouts bailar&aacute;n alrededor de un c&iacute;rculo hecho con una soga, por per&iacute;odos cortos se escuchar&aacute; la m&uacute;sica al no escucharla deber&aacute;n entrar al c&iacute;rculo, conforme avance el juego el c&iacute;rculo se ir&aacute; reduciendo, por lo que no debe quedar nadie fuera.\r\n El juego termina al terminar la canci&oacute;n. ','Realizar la actividad en un espacio amplio\r\nEmpezar con c&iacute;rculo de tama&ntilde;o considerable, para que puedan entrar todos los jugadores ','10- 15 min','-Soga </br>-Bocina </br>','2016-12-02 00:44:33',355),(22,'Tómame una foto','tropa','sociabilidad','10 o mas','Tomarse una fotograf&iacute;a con todos los integrantes de la patrulla','Usando un marco de cart&oacute;n decorado,  a una altura de 1.70mts,  los scouts deber&aacute;n saltar para aparecer en la fotograf&iacute;a que ser&aacute; tomada por el scouter.\r\nSe realizar&aacute;n varias tomas en 1 min. En el cual toda la patrulla deber&aacute; saltar para obtener la fotograf&iacute;a con la mayor cantidad de integrantes ','Desarrollarla en un espacio amplio al aire libre o al interior de un aula. Con espacio adecuado para saltar libremente ','10-15 min ','-Marco decorado de carton</br>-Cámara fotográfica o celular con camara </br>','2016-12-02 00:54:25',355),(24,'Leyendo leyendo','tropa','creatividad','10 o mas','Que los chavos logren fortalecer su capacidad de atenci&oacute;n,concentraci&oacute;n y cooordinaci&oacute;n linguistica','en una cartulina estar&aacute; un mensaje , cada integrante lo deber&aacute; leer lo mas r&aacute;pido posible sin equivocarse, &oacute; deber&aacute; empezar\r\nvariaci&oacute;n; rompecabezas de cartulina para formar la frase correcta, usando imagenes para que los chavos puedan intentar interpetarlo correctamente.','tener un cron&oacute;metro para tomar tiempo de la actividad','5-7 min','-cartulinas con mensaje e imágenes</br>','2016-12-02 01:50:22',387),(25,'CARRERA PALOS BORRACHOS','tropa','corporalidad','10 O M&Aacute;S','Que todos scout aprenda los beneficios de ejercitarse','Se pondr&aacute; a cada scout en una distancia considerable de aprox, 3 metros, se les dar&aacute; un palo y deber&aacute;n de dar 10 vueltas al palo, al terminar salir corriendo a dondeest&aacute; el siguiente integrante\r\nel primero en terminar gana','ninguna','5-7 min','-palos </br>','2016-12-02 01:59:35',387),(26,'hula hula electrica!!!','tropa','creatividad','','que los chicos encuentren la manera de sacarse el hula del cuerpo','todos los muchachos deben estar agarrados de la mano mientras el de la punta sostendra un hula hula q deveran pasarce por el cuerpo hasta pasar por el ultimo chico  mientras va pasando el hula hula  tienen q soportar al mismo tiempo una peque&ntilde;a descarga  electrica :)','se devera mantener mucha atencion  al momento de darles los toques a los muchachos   y que sea lo mas soportable para ellos','3 a 5min','-hula hula y maquina de toques con regulador</br>','2016-12-02 03:58:19',14),(27,'hula hoop food','tropa','corporalidad','2 en adelante','potenciar la capacidad de concentracion y destreza de los chicos','cada patrulla devera elegir un miembro que los reprecente,uno de ellos devera de sostener algun alimento(velitas de dulce u otro q se les ocurra) mientra que con su brazo en el que la sostiene girara un hula hula,mientras el otro chico intentara agarrar el alimento con la boca sin meter las manos. al realizarlo se cambian los roles y quien lo haga en el menor tiempo sera el vencedor.','','5min','-hula hula ,gomitas de dulce en forma de velitas (o cualquier alimento  de su agrado)</br>','2016-12-02 04:24:28',14),(28,'adivina quien esta sentado','tropa','creatividad','10 o mas','Que los chavos logren fortalecer su capacidad de atenci&oacute;n y concentraci&oacute;n.','En una mesa con un  mantel largo las dos patrullas se ponen frente a frente, habr&aacute; solo un banco a cada lado, solo un integrante podr&aacute; sentarse y los dem&aacute;s simular&aacute;n que est&aacute;n sentados.\r\nla otra patrulla dever&aacute; adivinar quien es la persona sentada, mientras la otra patrulla dever&aacute; de pensar en como hacer lo mejor posible para enga&ntilde;ar a la otra','ninguna','5-7 min','-bancos mantel y mesa</br>','2016-12-02 04:35:36',387),(29,'Adivina donde estoy','tropa','creatividad','5 o m&aacute;s','Que los muchachos logren potenciar su capacidad de concentraci&oacute;n y atenci&oacute;n ','Se escoger&aacute; a una persona (los muchachos deciden)  y despu&eacute;s se cubrir&aacute; completamente a los muchachos con una lona. La persona que se escogi&oacute; anteriormente deber&aacute; adivinar y se&ntilde;alar con una pa&ntilde;oleta o pa&ntilde;uelo donde esta el compa&ntilde;ero que el scouter le haya dicho que buscara. Tendr&aacute; un l&iacute;mite de intentos de 2 por persona','Ninguna','5 - 7 minutos ','-1 lona grande</br>-1 pañuelo </br>','2016-12-02 20:20:28',4),(30,'Copiadora descompuesta ','tropa','creatividad','5 o m&aacute;s ','Trazar lo m&aacute;s similar posible al dibujo original. Reforzar la comunicaci&oacute;n entre los muchachos. Aumentar su percepci&oacute;n y concentraci&oacute;n','Hacer saber que los muchachos no pueden hablar durante la actividad. Se deben formar a los muchachos en una fila. Mostrar el dibujo &uacute;nicamente al &uacute;ltimo/primero de la fila. Los muchachos &quot;dibujaran&quot;  en la espalda del compa&ntilde;ero de tal forma que el trazo pase al primero/&uacute;ltimo muchacho quien lo dibujara en el papel. El dibujo m&aacute;s fiel al original gana *en este caso mientras m&aacute;s fiel al original,  mejor puntuaci&oacute;n tendr&aacute;*','Ninguna ','5 -  10 min','-Dibujos o figuras a trazar</br>-Papel y lápiz/pluma/marcador </br>','2016-12-02 20:25:23',4);
/*!40000 ALTER TABLE `fichasreme` ENABLE KEYS */;
UNLOCK TABLES;

--
-- Table structure for table `patrullas`
--

DROP TABLE IF EXISTS `patrullas`;
/*!40101 SET @saved_cs_client     = @@character_set_client */;
/*!40101 SET character_set_client = utf8 */;
CREATE TABLE `patrullas` (
  `idpatrullas` int(11) NOT NULL AUTO_INCREMENT,
  `nombre` varchar(100) COLLATE utf8_unicode_ci NOT NULL,
  `fotobanderin` varchar(10000) COLLATE utf8_unicode_ci NOT NULL DEFAULT 'img/fpo_avatar_multi.png',
  `usuario` int(11) NOT NULL,
  PRIMARY KEY (`idpatrullas`),
  KEY `usuario` (`usuario`) USING BTREE,
  CONSTRAINT `patrullas_ibfk_1` FOREIGN KEY (`usuario`) REFERENCES `users` (`id`) ON DELETE CASCADE ON UPDATE CASCADE
) ENGINE=InnoDB AUTO_INCREMENT=433 DEFAULT CHARSET=utf8 COLLATE=utf8_unicode_ci;
/*!40101 SET character_set_client = @saved_cs_client */;

--
-- Dumping data for table `patrullas`
--

LOCK TABLES `patrullas` WRITE;
/*!40000 ALTER TABLE `patrullas` DISABLE KEYS */;
INSERT INTO `patrullas` VALUES (3,'Lobos','img/fpo_avatar_multi.png',379),(4,'Lobos','img/fpo_avatar_multi.png',379),(5,'CLAN','img/fpo_avatar_multi.png',7),(6,'CLAN','img/fpo_avatar_multi.png',9),(7,'Jordán ','img/fpo_avatar_multi.png',11),(8,'Mandela','img/fpo_avatar_multi.png',11),(9,'Águilas','img/fpo_avatar_multi.png',379),(10,'Condors','fotos/patrullas/condors41ae36ecb9b3eee609d05b90c14222fb.png',379),(11,'Tigres','img/fpo_avatar_multi.png',379),(12,'Toros','img/fpo_avatar_multi.png',379),(14,'','img/fpo_avatar_multi.png',5),(15,'Leones','img/fpo_avatar_multi.png',15),(16,'Halcones','fotos/patrullas/halcones6974ce5ac660610b44d9b9fed0ff9548.png',14),(18,'LOBOS','img/fpo_avatar_multi.png',17),(19,'Linces','img/fpo_avatar_multi.png',14),(20,'CLAN','img/fpo_avatar_multi.png',19),(21,'AGUILAS','img/fpo_avatar_multi.png',17),(22,'LEONES','img/fpo_avatar_multi.png',17),(23,'PANTERAS','img/fpo_avatar_multi.png',17),(24,'CLAN','img/fpo_avatar_multi.png',20),(25,'Lobos','img/fpo_avatar_multi.png',15),(26,'Amarilla','img/fpo_avatar_multi.png',23),(27,'Blanca','img/fpo_avatar_multi.png',23),(28,'Cafe','img/fpo_avatar_multi.png',23),(29,'Gris','img/fpo_avatar_multi.png',23),(30,'Negra','img/fpo_avatar_multi.png',23),(31,'Roja','img/fpo_avatar_multi.png',23),(32,'Manada de lobatos Waigunga','img/fpo_avatar_multi.png',24),(33,'Taku','img/fpo_avatar_multi.png',26),(34,'Ganthi','img/fpo_avatar_multi.png',26),(35,'Guautj','img/fpo_avatar_multi.png',26),(36,'Amarilla','img/fpo_avatar_multi.png',27),(37,'DELFINES','img/fpo_avatar_multi.png',30),(38,'CLAN','img/fpo_avatar_multi.png',31),(39,'CLAN','img/fpo_avatar_multi.png',32),(40,'Okamis','img/fpo_avatar_multi.png',35),(41,'Toris','img/fpo_avatar_multi.png',35),(42,'CLAN','img/fpo_avatar_multi.png',37),(43,'CLAN','img/fpo_avatar_multi.png',38),(44,'CLAN','img/fpo_avatar_multi.png',38),(45,'CLAN','img/fpo_avatar_multi.png',38),(46,'Amarilla','img/fpo_avatar_multi.png',36),(47,'CLAN','img/fpo_avatar_multi.png',40),(48,'CLAN','img/fpo_avatar_multi.png',42),(49,'CLAN','img/fpo_avatar_multi.png',43),(50,'Leonidas','img/fpo_avatar_multi.png',44),(51,'Búhos ','img/fpo_avatar_multi.png',45),(52,'Buhos','img/fpo_avatar_multi.png',46),(53,'Delfines','img/fpo_avatar_multi.png',46),(54,'Lobos','img/fpo_avatar_multi.png',46),(55,'Lobos','img/fpo_avatar_multi.png',47),(56,'Aguilas','img/fpo_avatar_multi.png',49),(57,'Panteras','img/fpo_avatar_multi.png',49),(58,'Pumas','img/fpo_avatar_multi.png',49),(59,'Coyotes','img/fpo_avatar_multi.png',51),(60,'CLAN','img/fpo_avatar_multi.png',53),(61,'Chitas','fotos/patrullas/chitasd554f7bb7be44a7267068a7df88ddd20.png',54),(62,'Seisena Amarilla','fotos/patrullas/seisena amarilla02a32ad2669e6fe298e607fe7cc0e1a0.png',55),(63,'Libélulas','img/fpo_avatar_multi.png',56),(64,'CLAN','img/fpo_avatar_multi.png',57),(65,'Galia Moss','img/fpo_avatar_multi.png',58),(67,'Blanca','img/fpo_avatar_multi.png',59),(68,'Negra','img/fpo_avatar_multi.png',59),(69,'Gris','img/fpo_avatar_multi.png',59),(70,'CLAN','img/fpo_avatar_multi.png',62),(71,'CLAN','img/fpo_avatar_multi.png',63),(72,'Lobos','img/fpo_avatar_multi.png',64),(73,'Pumas','img/fpo_avatar_multi.png',64),(74,'Carneros','img/fpo_avatar_multi.png',64),(75,'Waingunga ','fotos/patrullas/waingunga 0ff39bbbf981ac0151d340c9aa40e63e.png',67),(76,'Waingunga ','fotos/patrullas/waingunga 0ff39bbbf981ac0151d340c9aa40e63e.png',67),(77,'CLAN','img/fpo_avatar_multi.png',68),(78,'Lasalle Durango','img/fpo_avatar_multi.png',69),(79,'Carneros','img/fpo_avatar_multi.png',72),(80,'Quetzal','fotos/patrullas/quetzalf7e9050c92a851b0016442ab604b0488.png',73),(81,'Lobos','img/fpo_avatar_multi.png',72),(82,'Pumas','img/fpo_avatar_multi.png',72),(83,'Manada Seonne','fotos/patrullas/manada seonne0bb4aec1710521c12ee76289d9440817.png',75),(84,'Osos','img/fpo_avatar_multi.png',76),(85,'CLAN','img/fpo_avatar_multi.png',77),(86,'Vampiros','img/fpo_avatar_multi.png',78),(87,'CLAN','img/fpo_avatar_multi.png',79),(88,'Lobos dhak','img/fpo_avatar_multi.png',81),(89,'LOBOS','img/fpo_avatar_multi.png',82),(94,'Darcee','img/fpo_avatar_multi.png',84),(95,'Amarilla','img/fpo_avatar_multi.png',86),(96,'Cuauhtemoc','img/fpo_avatar_multi.png',85),(97,'Blanca','img/fpo_avatar_multi.png',86),(98,'Gris','img/fpo_avatar_multi.png',86),(99,'Negra','img/fpo_avatar_multi.png',86),(100,'Roja','img/fpo_avatar_multi.png',86),(101,'MANADA THA','img/fpo_avatar_multi.png',87),(102,'Mohwa','img/fpo_avatar_multi.png',80),(103,'Dragones','img/fpo_avatar_multi.png',88),(104,'Troya','img/fpo_avatar_multi.png',89),(105,'CLAN','img/fpo_avatar_multi.png',91),(106,'Aztecas','img/fpo_avatar_multi.png',92),(107,'Blanca ','img/fpo_avatar_multi.png',93),(108,'CLAN','img/fpo_avatar_multi.png',94),(109,'CLAN','img/fpo_avatar_multi.png',95),(110,'CLAN','img/fpo_avatar_multi.png',97),(111,'Kauyumari','img/fpo_avatar_multi.png',99),(112,'Tlazoltéotl','img/fpo_avatar_multi.png',99),(113,'Atenea','img/fpo_avatar_multi.png',99),(114,'CLAN','img/fpo_avatar_multi.png',100),(115,'Lobos','img/fpo_avatar_multi.png',101),(116,'Magallanes','img/fpo_avatar_multi.png',102),(117,'Seisena café','img/fpo_avatar_multi.png',98),(118,'Fénix ','img/fpo_avatar_multi.png',104),(119,'Jaguares ','img/fpo_avatar_multi.png',104),(120,'Cobras','img/fpo_avatar_multi.png',104),(121,'Cobras','img/fpo_avatar_multi.png',105),(122,'Lobos grises','img/fpo_avatar_multi.png',106),(123,'Lobos rojos','img/fpo_avatar_multi.png',106),(124,'CLAN','img/fpo_avatar_multi.png',107),(125,'CLAN','img/fpo_avatar_multi.png',108),(128,'Lobos cafés ','img/fpo_avatar_multi.png',106),(129,'Amarilla ','img/fpo_avatar_multi.png',109),(130,'Dori','img/fpo_avatar_multi.png',110),(131,'CLAN','img/fpo_avatar_multi.png',113),(132,'CLAN','img/fpo_avatar_multi.png',114),(133,'lobas','img/fpo_avatar_multi.png',117),(134,'Tzub','img/fpo_avatar_multi.png',120),(135,'Blanca','img/fpo_avatar_multi.png',123),(136,'Cafe','img/fpo_avatar_multi.png',123),(137,'Gris','img/fpo_avatar_multi.png',123),(138,'Negra','img/fpo_avatar_multi.png',123),(139,'Aquarius','img/fpo_avatar_multi.png',124),(140,'Carlo Magno','img/fpo_avatar_multi.png',125),(141,'CLAN','img/fpo_avatar_multi.png',126),(142,'Pegaso ','img/fpo_avatar_multi.png',127),(143,'Aztlan','img/fpo_avatar_multi.png',127),(144,'Ofiuco ','img/fpo_avatar_multi.png',127),(145,'CLAN','img/fpo_avatar_multi.png',128),(146,'Ra','img/fpo_avatar_multi.png',138),(147,'Nuivari','img/fpo_avatar_multi.png',139),(148,'Nuivari','img/fpo_avatar_multi.png',139),(149,'Aguilas','fotos/patrullas/aguilasbd686fd640be98efaae0091fa301e613.png',140),(150,'CLAN','img/fpo_avatar_multi.png',141),(151,'Pumas','fotos/patrullas/adzumayama makalu5751ec3e9a4feab575962e78e006250d.png',142),(152,'Jaguares','img/fpo_avatar_multi.png',142),(153,'Jacques Cousteau','img/fpo_avatar_multi.png',143),(154,'Caimanes','img/fpo_avatar_multi.png',144),(156,'Guerreros águila ','img/fpo_avatar_multi.png',145),(157,'Lobos','img/fpo_avatar_multi.png',146),(158,'Ipalnemohuani','img/fpo_avatar_multi.png',147),(159,'CLAN','img/fpo_avatar_multi.png',148),(160,'Kawil','img/fpo_avatar_multi.png',149),(161,'Tigres','img/fpo_avatar_multi.png',150),(162,'Panteras','img/fpo_avatar_multi.png',151),(163,'Tigres','img/fpo_avatar_multi.png',151),(164,'Lobos','img/fpo_avatar_multi.png',151),(165,'Aguilas','img/fpo_avatar_multi.png',151),(166,'Toros','img/fpo_avatar_multi.png',151),(167,'CLAN','img/fpo_avatar_multi.png',152),(168,'CLAN','img/fpo_avatar_multi.png',153),(169,'Jaguares','img/fpo_avatar_multi.png',154),(170,'CLAN','img/fpo_avatar_multi.png',155),(171,'Huitzilopochtli','img/fpo_avatar_multi.png',158),(172,'Akila','img/fpo_avatar_multi.png',71),(173,'CLAN','img/fpo_avatar_multi.png',159),(174,'Amarilla','img/fpo_avatar_multi.png',161),(175,'Blanca','img/fpo_avatar_multi.png',161),(176,'Café','img/fpo_avatar_multi.png',161),(177,'Gris','img/fpo_avatar_multi.png',161),(178,'Negra','img/fpo_avatar_multi.png',161),(179,'Roja','img/fpo_avatar_multi.png',161),(180,'CLAN','img/fpo_avatar_multi.png',163),(181,'Blanca','img/fpo_avatar_multi.png',165),(182,'Búhos ','fotos/patrullas/buhos 7a53928fa4dd31e82c6ef826f341daec.png',166),(183,'Búhos ','fotos/patrullas/buhos 7a53928fa4dd31e82c6ef826f341daec.png',166),(184,'Búhos ','fotos/patrullas/buhos 7a53928fa4dd31e82c6ef826f341daec.png',166),(185,'Roja','img/fpo_avatar_multi.png',168),(186,'Davinci ','img/fpo_avatar_multi.png',169),(187,'Tania','img/fpo_avatar_multi.png',170),(188,'CLAN','img/fpo_avatar_multi.png',173),(189,'Águilas','img/fpo_avatar_multi.png',176),(190,'Linces','img/fpo_avatar_multi.png',176),(191,'Lobos','img/fpo_avatar_multi.png',176),(192,'Cuervos','img/fpo_avatar_multi.png',177),(193,'Isabel ','img/fpo_avatar_multi.png',178),(194,'Comunidad Pancho Villa','fotos/patrullas/comunidad pancho villaa8c88a0055f636e4a163a5e3d16adab7.png',181),(195,'Zentzontles','img/fpo_avatar_multi.png',183),(196,'Tigres','img/fpo_avatar_multi.png',184),(197,'Toros','img/fpo_avatar_multi.png',184),(198,'Lobos','img/fpo_avatar_multi.png',184),(199,'Panteras','img/fpo_avatar_multi.png',184),(200,'Águilas','img/fpo_avatar_multi.png',184),(201,'Cafe','img/fpo_avatar_multi.png',185),(202,'Delfines ','img/fpo_avatar_multi.png',188),(203,'Lobos','img/fpo_avatar_multi.png',188),(204,'Quetzales ','img/fpo_avatar_multi.png',188),(205,'Tigres ','img/fpo_avatar_multi.png',188),(206,'lancelot ','img/fpo_avatar_multi.png',189),(207,'CLAN','img/fpo_avatar_multi.png',191),(208,'Búhos ','img/fpo_avatar_multi.png',194),(209,'CLAN','img/fpo_avatar_multi.png',195),(210,'Bengala','img/fpo_avatar_multi.png',196),(211,'Panteras ','img/fpo_avatar_multi.png',196),(212,'Tiburones ','img/fpo_avatar_multi.png',196),(213,'Tucanes','img/fpo_avatar_multi.png',196),(214,'Amarilla','img/fpo_avatar_multi.png',197),(215,'CLAN','img/fpo_avatar_multi.png',198),(216,'CLAN','img/fpo_avatar_multi.png',199),(217,'Zeus','img/fpo_avatar_multi.png',200),(218,'Hades','img/fpo_avatar_multi.png',200),(219,'Vostok','img/fpo_avatar_multi.png',202),(221,'Wallace','img/fpo_avatar_multi.png',207),(222,'Jeanne D\'Arc','img/fpo_avatar_multi.png',207),(223,'Bolivar','img/fpo_avatar_multi.png',207),(224,'Amarok','img/fpo_avatar_multi.png',179),(225,'negra','img/fpo_avatar_multi.png',209),(226,'amariila','img/fpo_avatar_multi.png',210),(227,'Axel ','img/fpo_avatar_multi.png',211),(228,'Antílopes ','img/fpo_avatar_multi.png',212),(229,'Lobos ','img/fpo_avatar_multi.png',212),(230,'Mizar','img/fpo_avatar_multi.png',212),(231,'Rinocerontes ','img/fpo_avatar_multi.png',212),(232,'CLAN','img/fpo_avatar_multi.png',213),(233,'CLAN','img/fpo_avatar_multi.png',214),(234,'CLAN','img/fpo_avatar_multi.png',215),(235,'Búhos ','img/fpo_avatar_multi.png',216),(236,'CLAN','img/fpo_avatar_multi.png',217),(237,'Amarilla','img/fpo_avatar_multi.png',218),(238,'Blanca','img/fpo_avatar_multi.png',218),(239,'Roja','img/fpo_avatar_multi.png',218),(240,'Panteras','img/fpo_avatar_multi.png',220),(241,'Tigres','img/fpo_avatar_multi.png',220),(242,'Tipitaste','img/fpo_avatar_multi.png',220),(243,'Pumas','img/fpo_avatar_multi.png',193),(244,'Escorpiones','img/fpo_avatar_multi.png',193),(245,'Tigres','img/fpo_avatar_multi.png',193),(246,'Tigres','img/fpo_avatar_multi.png',193),(247,'Tigres','img/fpo_avatar_multi.png',193),(248,'CLAN','img/fpo_avatar_multi.png',221),(249,'CLAN','img/fpo_avatar_multi.png',222),(250,'CLAN','img/fpo_avatar_multi.png',223),(251,'Xibalbá','img/fpo_avatar_multi.png',224),(252,'Xibalbá','img/fpo_avatar_multi.png',224),(253,'Cid campeador','img/fpo_avatar_multi.png',225),(254,'Nexcoyotl qro','fotos/patrullas/nexcoyotl qro4f4adcbf8c6f66dcfc8a3282ac2bf10a.png',228),(255,'CLAN','img/fpo_avatar_multi.png',229),(256,'Jaguares','img/fpo_avatar_multi.png',231),(257,'CLAN','img/fpo_avatar_multi.png',232),(258,'lobitos','img/fpo_avatar_multi.png',233),(259,'Pumas','img/fpo_avatar_multi.png',234),(260,'CLAN','img/fpo_avatar_multi.png',235),(261,'Caminantes','img/fpo_avatar_multi.png',236),(262,'LOBOS ','img/fpo_avatar_multi.png',237),(263,'OSOS ','img/fpo_avatar_multi.png',237),(264,'BUHOS','img/fpo_avatar_multi.png',237),(265,'CLAN','img/fpo_avatar_multi.png',238),(266,'CLAN','img/fpo_avatar_multi.png',239),(267,'CLAN','img/fpo_avatar_multi.png',241),(268,'CLAN','img/fpo_avatar_multi.png',242),(269,'CLAN','img/fpo_avatar_multi.png',243),(270,'Eneas','img/fpo_avatar_multi.png',244),(271,'CLAN','img/fpo_avatar_multi.png',246),(272,'CLAN','img/fpo_avatar_multi.png',248),(273,'Castores','img/fpo_avatar_multi.png',249),(274,'CLAN','img/fpo_avatar_multi.png',250),(275,'Lobos','img/fpo_avatar_multi.png',252),(276,'CLAN','img/fpo_avatar_multi.png',254),(277,'Virgo','img/fpo_avatar_multi.png',255),(278,'CLAN','img/fpo_avatar_multi.png',256),(279,'','img/fpo_avatar_multi.png',258),(280,'Kali paxau','img/fpo_avatar_multi.png',260),(281,'CLAN','img/fpo_avatar_multi.png',261),(282,'CLAN','img/fpo_avatar_multi.png',262),(283,'CLAN','img/fpo_avatar_multi.png',263),(284,'Malala','img/fpo_avatar_multi.png',265),(285,'Pluma negra','fotos/patrullas/pluma negrad1fe173d08e959397adf34b1d77e88d7.png',266),(286,'Seeonee','img/fpo_avatar_multi.png',267),(287,'CLAN','img/fpo_avatar_multi.png',268),(288,'CLAN','img/fpo_avatar_multi.png',269),(289,'CLAN','img/fpo_avatar_multi.png',269),(290,'Lobos','img/fpo_avatar_multi.png',270),(291,'Oki','img/fpo_avatar_multi.png',271),(292,'Jaguares','img/fpo_avatar_multi.png',272),(293,'Murcielagos','img/fpo_avatar_multi.png',101),(294,'Polaris','img/fpo_avatar_multi.png',101),(295,'Seisena Amarilla','img/fpo_avatar_multi.png',273),(296,'ROJOS','img/fpo_avatar_multi.png',274),(297,'Blanca','img/fpo_avatar_multi.png',273),(298,'Café','img/fpo_avatar_multi.png',273),(299,'Gris','img/fpo_avatar_multi.png',273),(300,'CLAN','img/fpo_avatar_multi.png',275),(301,'Halcones','fotos/patrullas/halconesf7177163c833dff4b38fc8d2872f1ec6.png',276),(302,'Scouter de caminantes Poseidón ','img/fpo_avatar_multi.png',277),(303,'1','img/fpo_avatar_multi.png',278),(304,'FÉNIX','img/fpo_avatar_multi.png',280),(305,'Mohwa','img/fpo_avatar_multi.png',282),(306,'LEONES','img/fpo_avatar_multi.png',280),(307,'HALCONES','img/fpo_avatar_multi.png',280),(308,'COBRAS','img/fpo_avatar_multi.png',280),(309,'Alpheratz','img/fpo_avatar_multi.png',283),(310,'Leones','img/fpo_avatar_multi.png',284),(311,'Aspides','img/fpo_avatar_multi.png',285),(312,'Chitas','img/fpo_avatar_multi.png',285),(313,'Cobras','img/fpo_avatar_multi.png',285),(314,'Jaguares','img/fpo_avatar_multi.png',285),(315,'Leones','img/fpo_avatar_multi.png',285),(316,'Leones','img/fpo_avatar_multi.png',285),(317,'Comunidad Titanes','fotos/patrullas/comunidad titanes8c19f571e251e61cb8dd3612f26d5ecf.png',286),(318,'VIKINGOS','img/fpo_avatar_multi.png',287),(319,'CLAN','img/fpo_avatar_multi.png',288),(320,'Thor','img/fpo_avatar_multi.png',289),(321,'Condores','img/fpo_avatar_multi.png',290),(322,'Aguilas','img/fpo_avatar_multi.png',291),(323,'Fuerte en solitario..','img/fpo_avatar_multi.png',292),(324,'tigres','img/fpo_avatar_multi.png',293),(325,'cobras','img/fpo_avatar_multi.png',293),(326,'Mandela','img/fpo_avatar_multi.png',295),(327,'Nathoo','img/fpo_avatar_multi.png',296),(328,'Leones','fotos/patrullas/leones74bba22728b6185eec06286af6bec36d.png',299),(329,'Colibris','img/fpo_avatar_multi.png',180),(330,'Kodiak','img/fpo_avatar_multi.png',180),(331,'Halcones','img/fpo_avatar_multi.png',180),(332,'CLAN','img/fpo_avatar_multi.png',300),(333,'Blanca','img/fpo_avatar_multi.png',301),(334,'Amarilla','img/fpo_avatar_multi.png',302),(335,'Da Vinci','img/fpo_avatar_multi.png',303),(336,'Guerreros Lohan','img/fpo_avatar_multi.png',305),(337,'Athos','img/fpo_avatar_multi.png',306),(338,'Aramis','img/fpo_avatar_multi.png',306),(339,'Charlotte Corday','img/fpo_avatar_multi.png',306),(340,'Jane d\' Arc','img/fpo_avatar_multi.png',306),(341,'CLAN','img/fpo_avatar_multi.png',307),(342,'CLAN','img/fpo_avatar_multi.png',308),(343,'Amarilla','img/fpo_avatar_multi.png',311),(344,'leopardos','img/fpo_avatar_multi.png',312),(345,'CLAN','img/fpo_avatar_multi.png',314),(346,'Nikola Tesla','fotos/patrullas/nikola tesla6512bd43d9caa6e02c990b0a82652dca.png',192),(347,'Da Vinci','img/fpo_avatar_multi.png',192),(348,'Quetzales ','img/fpo_avatar_multi.png',315),(349,'CLAN','img/fpo_avatar_multi.png',316),(350,'Hunab-Ku','img/fpo_avatar_multi.png',313),(351,'CLAN','img/fpo_avatar_multi.png',318),(352,'CLAN','img/fpo_avatar_multi.png',320),(353,'','img/fpo_avatar_multi.png',322),(354,'Halcones','img/fpo_avatar_multi.png',324),(355,'CLAN','img/fpo_avatar_multi.png',325),(356,'Xibalba','fotos/patrullas/xibalbaeba0dc302bcd9a273f8bbb72be3a687b.png',327),(357,'Blanca','img/fpo_avatar_multi.png',326),(358,'Negra','img/fpo_avatar_multi.png',326),(359,'Diaza Loyo\'olo','img/fpo_avatar_multi.png',328),(360,'CIMARRONES','img/fpo_avatar_multi.png',329),(361,'CLAN','img/fpo_avatar_multi.png',334),(362,'Aguilas','img/fpo_avatar_multi.png',335),(363,'Lobos negros','img/fpo_avatar_multi.png',106),(364,'Cascabeles','fotos/patrullas/cascabeles05f971b5ec196b8c65b75d2ef8267331.png',339),(365,'México','img/fpo_avatar_multi.png',344),(366,'México','img/fpo_avatar_multi.png',344),(368,'Mackenzie','img/fpo_avatar_multi.png',349),(369,'Águilas','img/fpo_avatar_multi.png',351),(370,'Dragones','img/fpo_avatar_multi.png',351),(371,'Halcones','img/fpo_avatar_multi.png',351),(372,'Pumas','img/fpo_avatar_multi.png',351),(373,'Genghis Khan ','img/fpo_avatar_multi.png',352),(374,'Khaniwara','img/fpo_avatar_multi.png',354),(375,'Tigres ','fotos/patrullas/tigres bca82e41ee7b0833588399b1fcd177c7.png',356),(376,'Tigres ','img/fpo_avatar_multi.png',358),(377,'Cuervos ','img/fpo_avatar_multi.png',358),(378,'Gatos ','img/fpo_avatar_multi.png',358),(379,'Leones ','img/fpo_avatar_multi.png',358),(380,'Ziglau ','img/fpo_avatar_multi.png',359),(381,'Pandas','fotos/patrullas/pandascedebb6e872f539bef8c3f919874e9d7.png',361),(382,'Pumas','img/fpo_avatar_multi.png',39),(383,'Pingüinos','img/fpo_avatar_multi.png',360),(384,'Hipocampos','img/fpo_avatar_multi.png',363),(385,'El Cid campeador ','fotos/patrullas/el cid campeador 5c04925674920eb58467fb52ce4ef728.png',364),(386,'Skallagrim ','fotos/patrullas/skallagrim c3c59e5f8b3e9753913f4d435b53c308.png',364),(387,'sendler','img/fpo_avatar_multi.png',365),(388,'IGA','fotos/patrullas/igadbe272bab69f8e13f14b405e038deb64.png',366),(389,'KOGA','fotos/patrullas/koga7eabe3a1649ffa2b3ff8c02ebfd5659f.png',366),(390,'Leónidas','fotos/patrullas/leonidas3c59dc048e8850243be8079a5c74d079.png',367),(391,'Raymond Llulle','img/fpo_avatar_multi.png',367),(392,'Cobras','img/fpo_avatar_multi.png',371),(393,'Tiburones','img/fpo_avatar_multi.png',371),(394,'CLAN','img/fpo_avatar_multi.png',372),(395,'manada \"SEEONEE\"','img/fpo_avatar_multi.png',373),(396,'Búhos ','img/fpo_avatar_multi.png',374),(397,'Guepardos','img/fpo_avatar_multi.png',375),(398,'Negra','img/fpo_avatar_multi.png',376),(399,'Amarilla','img/fpo_avatar_multi.png',376),(400,'Blanca','img/fpo_avatar_multi.png',376),(401,'Roja','img/fpo_avatar_multi.png',376),(402,'Cafe','img/fpo_avatar_multi.png',376),(403,'Gris','img/fpo_avatar_multi.png',376),(404,'Lobos','fotos/patrullas/lobosda4fb5c6e93e74d3df8527599fa62642.png',377),(405,'CLAN','img/fpo_avatar_multi.png',378),(406,'Belfas','img/fpo_avatar_multi.png',368),(407,'Texcatlipoca','img/fpo_avatar_multi.png',143),(408,'3','img/fpo_avatar_multi.png',143),(409,'PANTERAS','img/fpo_avatar_multi.png',355),(410,'Amarilla','img/fpo_avatar_multi.png',380),(411,'Aguilas','fotos/patrullas/aguilasc15da1f2b5e5ed6e6837a3802f0d1593.png',381),(412,'Bufalos','img/fpo_avatar_multi.png',381),(413,'Lechusas','img/fpo_avatar_multi.png',381),(414,'Buhos','img/fpo_avatar_multi.png',382),(415,'Roldan','fotos/patrullas/roldand3d9446802a44259755d38e6d163e820.png',383),(416,'Tell','fotos/patrullas/telld09bf41544a3365a46c9077ebb5e35c3.png',383),(417,'Cousteau ','fotos/patrullas/cousteau e555ebe0ce426f7f9b2bef0706315e0c.png',383),(418,'Ericco ','fotos/patrullas/ericco ab233b682ec355648e7891e66c54191b.png',383),(420,'AMARILLA','fotos/patrullas/amarilla3ef815416f775098fe977004015c6193.png',385),(421,'CLAN','img/fpo_avatar_multi.png',386),(422,'CLAN','img/fpo_avatar_multi.png',386),(423,'Shinoby','img/fpo_avatar_multi.png',388),(424,'Poseidon ','img/fpo_avatar_multi.png',389),(425,'CLAN','img/fpo_avatar_multi.png',250),(426,'CLAN','img/fpo_avatar_multi.png',390),(427,'CLAN','img/fpo_avatar_multi.png',390),(428,'CLAN','img/fpo_avatar_multi.png',390),(429,'Cobras','img/fpo_avatar_multi.png',391),(431,'Bufalos','img/fpo_avatar_multi.png',391),(432,'Scouter','img/fpo_avatar_multi.png',391);
/*!40000 ALTER TABLE `patrullas` ENABLE KEYS */;
UNLOCK TABLES;

--
-- Table structure for table `progresionespersonales`
--

DROP TABLE IF EXISTS `progresionespersonales`;
/*!40101 SET @saved_cs_client     = @@character_set_client */;
/*!40101 SET character_set_client = utf8 */;
CREATE TABLE `progresionespersonales` (
  `idprogresion` int(11) NOT NULL AUTO_INCREMENT,
  `promesa` tinyint(4) NOT NULL,
  `fechapromesa` date DEFAULT NULL,
  `etapa` tinyint(4) NOT NULL,
  `fechaetapa1` date DEFAULT NULL,
  `fechaetapa2` date DEFAULT NULL,
  `fechaetapa3` date DEFAULT NULL,
  `fechaetapa4` date DEFAULT NULL,
  `deportes` tinyint(4) NOT NULL,
  `fechadeportes1` date DEFAULT NULL,
  `fechadeportes2` date DEFAULT NULL,
  `fechadeportes3` date DEFAULT NULL,
  `fechadeportes4` date DEFAULT NULL,
  `ecologia` tinyint(4) NOT NULL,
  `fechaecologia1` date DEFAULT NULL,
  `fechaecologia2` date DEFAULT NULL,
  `fechaecologia3` date DEFAULT NULL,
  `fechaecologia4` date DEFAULT NULL,
  `expresion` tinyint(4) NOT NULL,
  `fechaexpresion1` date DEFAULT NULL,
  `fechaexpresion2` date DEFAULT NULL,
  `fechaexpresion3` date DEFAULT NULL,
  `fechaexpresion4` date DEFAULT NULL,
  `humanidades` tinyint(4) NOT NULL,
  `fechahumanidades1` date DEFAULT NULL,
  `fechahumanidades2` date DEFAULT NULL,
  `fechahumanidades3` date DEFAULT NULL,
  `fechahumanidades4` date DEFAULT NULL,
  `seguridad` tinyint(4) NOT NULL,
  `fechaseguridad1` date DEFAULT NULL,
  `fechaseguridad2` date DEFAULT NULL,
  `fechaseguridad3` date DEFAULT NULL,
  `fechaseguridad4` date DEFAULT NULL,
  `tecnologia` tinyint(4) NOT NULL,
  `fechatecnologia1` date DEFAULT NULL,
  `fechatecnologia2` date DEFAULT NULL,
  `fechatecnologia3` date DEFAULT NULL,
  `fechatecnologia4` date DEFAULT NULL,
  `vidaalairelibre` tinyint(4) NOT NULL,
  `fechavidaalairelibre1` date DEFAULT NULL,
  `fechavidaalairelibre2` date DEFAULT NULL,
  `fechavidaalairelibre3` date DEFAULT NULL,
  `fechavidaalairelibre4` date DEFAULT NULL,
  `desarrollosust` tinyint(4) NOT NULL,
  `fechadesarrollosust1` date DEFAULT NULL,
  `fechadesarrollosust2` date DEFAULT NULL,
  `fechadesarrollosust3` date DEFAULT NULL,
  `enlace` tinyint(4) NOT NULL,
  `fechaenlace` date DEFAULT NULL,
  `porcentaje` float NOT NULL,
  `scout` varchar(15) COLLATE utf8_unicode_ci NOT NULL,
  PRIMARY KEY (`idprogresion`),
  UNIQUE KEY `scout` (`scout`) USING BTREE,
  KEY `scoutito` (`scout`) USING BTREE,
  CONSTRAINT `progresionespersonales_ibfk_1` FOREIGN KEY (`scout`) REFERENCES `scouts` (`cum`) ON DELETE CASCADE ON UPDATE CASCADE
) ENGINE=InnoDB AUTO_INCREMENT=152 DEFAULT CHARSET=utf8 COLLATE=utf8_unicode_ci;
/*!40101 SET character_set_client = @saved_cs_client */;

--
-- Dumping data for table `progresionespersonales`
--

LOCK TABLES `progresionespersonales` WRITE;
/*!40000 ALTER TABLE `progresionespersonales` DISABLE KEYS */;
INSERT INTO `progresionespersonales` VALUES (1,0,NULL,0,NULL,NULL,NULL,NULL,0,NULL,NULL,NULL,NULL,0,NULL,NULL,NULL,NULL,0,NULL,NULL,NULL,NULL,0,NULL,NULL,NULL,NULL,0,NULL,NULL,NULL,NULL,0,NULL,NULL,NULL,NULL,0,NULL,NULL,NULL,NULL,0,NULL,NULL,NULL,0,NULL,0,'DGO12'),(2,0,NULL,0,NULL,NULL,NULL,NULL,0,NULL,NULL,NULL,NULL,0,NULL,NULL,NULL,NULL,0,NULL,NULL,NULL,NULL,0,NULL,NULL,NULL,NULL,0,NULL,NULL,NULL,NULL,0,NULL,NULL,NULL,NULL,0,NULL,NULL,NULL,NULL,0,NULL,NULL,NULL,0,NULL,0,'Dgo10'),(4,1,'2014-02-01',3,'2014-07-12','2015-03-07','2016-10-15',NULL,0,NULL,NULL,NULL,NULL,0,NULL,NULL,NULL,NULL,1,'2016-03-21',NULL,NULL,NULL,0,NULL,NULL,NULL,NULL,0,NULL,NULL,NULL,NULL,0,NULL,NULL,NULL,NULL,2,'2014-04-13','2016-03-21',NULL,NULL,0,NULL,NULL,NULL,0,NULL,18.9189,'DGO1430076'),(5,1,'2015-03-07',2,'2015-04-11','2016-11-05',NULL,NULL,1,'2016-10-15',NULL,NULL,NULL,0,NULL,NULL,NULL,NULL,0,NULL,NULL,NULL,NULL,0,NULL,NULL,NULL,NULL,0,NULL,NULL,NULL,NULL,0,NULL,NULL,NULL,NULL,1,'2016-10-15',NULL,NULL,NULL,0,NULL,NULL,NULL,0,NULL,13.5135,'DGO1410084'),(9,1,'2013-12-07',3,'2014-02-01','2015-03-07','2016-10-15',NULL,0,NULL,NULL,NULL,NULL,0,NULL,NULL,NULL,NULL,2,'2014-04-13','2016-03-21',NULL,NULL,0,NULL,NULL,NULL,NULL,0,NULL,NULL,NULL,NULL,0,NULL,NULL,NULL,NULL,2,'2014-04-13','2015-03-07',NULL,NULL,0,NULL,NULL,NULL,0,NULL,21.6216,'DGO1010138'),(10,1,'2014-09-12',0,NULL,NULL,NULL,NULL,0,NULL,NULL,NULL,NULL,0,NULL,NULL,NULL,NULL,0,NULL,NULL,NULL,NULL,0,NULL,NULL,NULL,NULL,0,NULL,NULL,NULL,NULL,0,NULL,NULL,NULL,NULL,0,NULL,NULL,NULL,NULL,0,NULL,NULL,NULL,0,NULL,2.7027,'DGO1020168'),(11,1,'2015-07-04',1,'2016-03-21',NULL,NULL,NULL,0,NULL,NULL,NULL,NULL,0,NULL,NULL,NULL,NULL,0,NULL,NULL,NULL,NULL,0,NULL,NULL,NULL,NULL,0,NULL,NULL,NULL,NULL,0,NULL,NULL,NULL,NULL,0,NULL,NULL,NULL,NULL,0,NULL,NULL,NULL,0,NULL,5.40541,'DGO1620047'),(13,1,'2015-03-07',2,'2015-04-11','2016-10-15',NULL,NULL,0,NULL,NULL,NULL,NULL,0,NULL,NULL,NULL,NULL,0,NULL,NULL,NULL,NULL,0,NULL,NULL,NULL,NULL,0,NULL,NULL,NULL,NULL,0,NULL,NULL,NULL,NULL,1,'2016-03-21',NULL,NULL,NULL,0,NULL,NULL,NULL,0,NULL,10.8108,'DGO1220125'),(14,1,'2016-03-21',1,'2016-03-21',NULL,NULL,NULL,0,NULL,NULL,NULL,NULL,0,NULL,NULL,NULL,NULL,0,NULL,NULL,NULL,NULL,0,NULL,NULL,NULL,NULL,0,NULL,NULL,NULL,NULL,0,NULL,NULL,NULL,NULL,0,NULL,NULL,NULL,NULL,0,NULL,NULL,NULL,0,NULL,5.40541,'DGO1520236'),(15,1,'2013-07-31',4,'2014-02-01','2015-03-07','2016-10-15','2017-02-25',0,NULL,NULL,NULL,NULL,0,NULL,NULL,NULL,NULL,1,'2016-04-16',NULL,NULL,NULL,0,NULL,NULL,NULL,NULL,0,NULL,NULL,NULL,NULL,0,NULL,NULL,NULL,NULL,2,'2014-04-13','2016-03-21',NULL,NULL,0,NULL,NULL,NULL,0,NULL,21.6216,'DGO1020133'),(18,1,'2016-06-04',2,NULL,'2016-10-15',NULL,NULL,0,NULL,NULL,NULL,NULL,0,NULL,NULL,NULL,NULL,0,NULL,NULL,NULL,NULL,0,NULL,NULL,NULL,NULL,0,NULL,NULL,NULL,NULL,0,NULL,NULL,NULL,NULL,1,'2016-10-15',NULL,NULL,NULL,0,NULL,NULL,NULL,0,NULL,10.8108,'DGO1640057'),(19,1,NULL,4,'2015-07-03',NULL,NULL,'2017-02-25',0,NULL,NULL,NULL,NULL,0,NULL,NULL,NULL,NULL,0,NULL,NULL,NULL,NULL,0,NULL,NULL,NULL,NULL,0,NULL,NULL,NULL,NULL,0,NULL,NULL,NULL,NULL,1,'2016-04-16',NULL,NULL,NULL,0,NULL,NULL,NULL,0,NULL,16.2162,'DGO1440284'),(20,1,NULL,1,'2016-10-22',NULL,NULL,NULL,0,NULL,NULL,NULL,NULL,0,NULL,NULL,NULL,NULL,0,NULL,NULL,NULL,NULL,0,NULL,NULL,NULL,NULL,0,NULL,NULL,NULL,NULL,0,NULL,NULL,NULL,NULL,1,'2016-10-22',NULL,NULL,NULL,0,NULL,NULL,NULL,0,NULL,8.10811,'DGO1310009'),(21,1,'2014-09-13',4,'2015-03-07','2016-01-16','2016-10-15','2017-02-25',0,NULL,NULL,NULL,NULL,0,NULL,NULL,NULL,NULL,2,'2015-04-10','2016-03-21',NULL,NULL,0,NULL,NULL,NULL,NULL,0,NULL,NULL,NULL,NULL,0,NULL,NULL,NULL,NULL,1,'2016-10-15',NULL,NULL,NULL,0,NULL,NULL,NULL,0,NULL,21.6216,'DGO1410195'),(22,1,'2015-03-07',0,NULL,NULL,NULL,NULL,1,'2016-06-04',NULL,NULL,NULL,0,NULL,NULL,NULL,NULL,0,NULL,NULL,NULL,NULL,0,NULL,NULL,NULL,NULL,0,NULL,NULL,NULL,NULL,0,NULL,NULL,NULL,NULL,1,'2016-06-04',NULL,NULL,NULL,0,NULL,NULL,NULL,0,NULL,8.10811,'DGO1110067'),(24,1,'2015-03-07',2,'2015-04-18','2016-10-15',NULL,NULL,0,NULL,NULL,NULL,NULL,0,NULL,NULL,NULL,NULL,0,NULL,NULL,NULL,NULL,0,NULL,NULL,NULL,NULL,0,NULL,NULL,NULL,NULL,0,NULL,NULL,NULL,NULL,1,'2016-06-04',NULL,NULL,NULL,0,NULL,NULL,NULL,0,NULL,10.8108,'DGO1110168'),(28,1,'2016-07-02',3,NULL,NULL,'2016-08-06',NULL,0,NULL,NULL,NULL,NULL,0,NULL,NULL,NULL,NULL,0,NULL,NULL,NULL,NULL,0,NULL,NULL,NULL,NULL,0,NULL,NULL,NULL,NULL,0,NULL,NULL,NULL,NULL,0,NULL,NULL,NULL,NULL,0,NULL,NULL,NULL,0,NULL,10.8108,'DGO1630140'),(29,1,'2016-07-03',2,'2016-08-06',NULL,NULL,NULL,1,'2016-08-20',NULL,NULL,NULL,0,NULL,NULL,NULL,NULL,1,'2016-10-01',NULL,NULL,NULL,0,NULL,NULL,NULL,NULL,0,NULL,NULL,NULL,NULL,0,NULL,NULL,NULL,NULL,0,NULL,NULL,NULL,NULL,0,NULL,NULL,NULL,0,NULL,13.5135,'DGO1630085'),(30,1,'2016-08-06',2,NULL,'2016-08-06',NULL,NULL,0,NULL,NULL,NULL,NULL,0,NULL,NULL,NULL,NULL,0,NULL,NULL,NULL,NULL,0,NULL,NULL,NULL,NULL,0,NULL,NULL,NULL,NULL,0,NULL,NULL,NULL,NULL,0,NULL,NULL,NULL,NULL,0,NULL,NULL,NULL,0,NULL,8.10811,'DGO1630137'),(31,1,'2016-08-28',2,NULL,'2016-08-27',NULL,NULL,0,NULL,NULL,NULL,NULL,0,NULL,NULL,NULL,NULL,0,NULL,NULL,NULL,NULL,0,NULL,NULL,NULL,NULL,0,NULL,NULL,NULL,NULL,0,NULL,NULL,NULL,NULL,0,NULL,NULL,NULL,NULL,0,NULL,NULL,NULL,0,NULL,8.10811,'DGO1630160'),(32,1,'2016-09-18',1,'2016-09-18',NULL,NULL,NULL,0,NULL,NULL,NULL,NULL,0,NULL,NULL,NULL,NULL,0,NULL,NULL,NULL,NULL,0,NULL,NULL,NULL,NULL,0,NULL,NULL,NULL,NULL,0,NULL,NULL,NULL,NULL,0,NULL,NULL,NULL,NULL,0,NULL,NULL,NULL,0,NULL,5.40541,'DGO1610076'),(33,1,'2016-09-17',1,'2016-09-17',NULL,NULL,NULL,0,NULL,NULL,NULL,NULL,0,NULL,NULL,NULL,NULL,0,NULL,NULL,NULL,NULL,0,NULL,NULL,NULL,NULL,0,NULL,NULL,NULL,NULL,0,NULL,NULL,NULL,NULL,0,NULL,NULL,NULL,NULL,0,NULL,NULL,NULL,0,NULL,5.40541,'DGO1610134'),(34,1,'2016-09-18',1,'2016-09-18',NULL,NULL,NULL,0,NULL,NULL,NULL,NULL,0,NULL,NULL,NULL,NULL,0,NULL,NULL,NULL,NULL,0,NULL,NULL,NULL,NULL,0,NULL,NULL,NULL,NULL,0,NULL,NULL,NULL,NULL,0,NULL,NULL,NULL,NULL,0,NULL,NULL,NULL,0,NULL,5.40541,'DGO1610133'),(35,1,'2016-09-17',1,'2016-09-17',NULL,NULL,NULL,0,NULL,NULL,NULL,NULL,0,NULL,NULL,NULL,NULL,0,NULL,NULL,NULL,NULL,0,NULL,NULL,NULL,NULL,0,NULL,NULL,NULL,NULL,0,NULL,NULL,NULL,NULL,0,NULL,NULL,NULL,NULL,0,NULL,NULL,NULL,0,NULL,5.40541,'DGO1610075'),(36,1,'2016-08-06',1,'2016-08-06',NULL,NULL,NULL,0,NULL,NULL,NULL,NULL,0,NULL,NULL,NULL,NULL,1,'2016-10-01',NULL,NULL,NULL,0,NULL,NULL,NULL,NULL,0,NULL,NULL,NULL,NULL,0,NULL,NULL,NULL,NULL,0,NULL,NULL,NULL,NULL,0,NULL,NULL,NULL,0,NULL,8.10811,'DGO1630159'),(37,1,'2016-07-23',1,'2016-09-17',NULL,NULL,NULL,0,NULL,NULL,NULL,NULL,0,NULL,NULL,NULL,NULL,0,NULL,NULL,NULL,NULL,0,NULL,NULL,NULL,NULL,0,NULL,NULL,NULL,NULL,0,NULL,NULL,NULL,NULL,0,NULL,NULL,NULL,NULL,0,NULL,NULL,NULL,0,NULL,5.40541,'DGO1640089'),(38,1,'2016-07-23',2,NULL,'2016-08-06',NULL,NULL,0,NULL,NULL,NULL,NULL,0,NULL,NULL,NULL,NULL,1,'2016-10-01',NULL,NULL,NULL,0,NULL,NULL,NULL,NULL,0,NULL,NULL,NULL,NULL,0,NULL,NULL,NULL,NULL,0,NULL,NULL,NULL,NULL,0,NULL,NULL,NULL,0,NULL,10.8108,'DGO1630132'),(39,0,NULL,0,NULL,NULL,NULL,NULL,0,NULL,NULL,NULL,NULL,0,NULL,NULL,NULL,NULL,0,NULL,NULL,NULL,NULL,0,NULL,NULL,NULL,NULL,0,NULL,NULL,NULL,NULL,0,NULL,NULL,NULL,NULL,0,NULL,NULL,NULL,NULL,0,NULL,NULL,NULL,0,NULL,0,'jdhicybshj'),(40,0,NULL,0,NULL,NULL,NULL,NULL,0,NULL,NULL,NULL,NULL,0,NULL,NULL,NULL,NULL,0,NULL,NULL,NULL,NULL,0,NULL,NULL,NULL,NULL,0,NULL,NULL,NULL,NULL,0,NULL,NULL,NULL,NULL,0,NULL,NULL,NULL,NULL,0,NULL,NULL,NULL,0,NULL,0,'xbbnd'),(41,0,NULL,0,NULL,NULL,NULL,NULL,0,NULL,NULL,NULL,NULL,0,NULL,NULL,NULL,NULL,0,NULL,NULL,NULL,NULL,0,NULL,NULL,NULL,NULL,0,NULL,NULL,NULL,NULL,0,NULL,NULL,NULL,NULL,0,NULL,NULL,NULL,NULL,0,NULL,NULL,NULL,0,NULL,0,'dbcdh'),(42,1,NULL,4,NULL,NULL,NULL,'2016-07-02',0,NULL,NULL,NULL,NULL,0,NULL,NULL,NULL,NULL,0,NULL,NULL,NULL,NULL,0,NULL,NULL,NULL,NULL,0,NULL,NULL,NULL,NULL,0,NULL,NULL,NULL,NULL,0,NULL,NULL,NULL,NULL,0,NULL,NULL,NULL,0,NULL,13.5135,'bchd'),(43,1,'2016-08-27',1,'2016-08-27',NULL,NULL,NULL,0,NULL,NULL,NULL,NULL,0,NULL,NULL,NULL,NULL,0,NULL,NULL,NULL,NULL,0,NULL,NULL,NULL,NULL,0,NULL,NULL,NULL,NULL,0,NULL,NULL,NULL,NULL,0,NULL,NULL,NULL,NULL,0,NULL,NULL,NULL,0,NULL,5.40541,'DGO1220197'),(44,1,NULL,1,'2016-08-27',NULL,NULL,NULL,0,NULL,NULL,NULL,NULL,0,NULL,NULL,NULL,NULL,0,NULL,NULL,NULL,NULL,0,NULL,NULL,NULL,NULL,0,NULL,NULL,NULL,NULL,0,NULL,NULL,NULL,NULL,0,NULL,NULL,NULL,NULL,0,NULL,NULL,NULL,0,NULL,5.40541,'DGO1110134'),(45,1,NULL,2,NULL,'2016-08-27',NULL,NULL,0,NULL,NULL,NULL,NULL,0,NULL,NULL,NULL,NULL,0,NULL,NULL,NULL,NULL,0,NULL,NULL,NULL,NULL,0,NULL,NULL,NULL,NULL,0,NULL,NULL,NULL,NULL,0,NULL,NULL,NULL,NULL,0,NULL,NULL,NULL,0,NULL,8.10811,'DGO1020010'),(46,1,'2016-07-03',1,'2016-08-27',NULL,NULL,NULL,0,NULL,NULL,NULL,NULL,0,NULL,NULL,NULL,NULL,0,NULL,NULL,NULL,NULL,0,NULL,NULL,NULL,NULL,0,NULL,NULL,NULL,NULL,0,NULL,NULL,NULL,NULL,0,NULL,NULL,NULL,NULL,0,NULL,NULL,NULL,0,NULL,5.40541,'DGO1630077'),(47,1,NULL,1,'2016-09-16',NULL,NULL,NULL,0,NULL,NULL,NULL,NULL,0,NULL,NULL,NULL,NULL,0,NULL,NULL,NULL,NULL,0,NULL,NULL,NULL,NULL,0,NULL,NULL,NULL,NULL,0,NULL,NULL,NULL,NULL,0,NULL,NULL,NULL,NULL,0,NULL,NULL,NULL,0,NULL,5.40541,'dgo'),(48,1,NULL,2,NULL,NULL,NULL,NULL,0,NULL,NULL,NULL,NULL,0,NULL,NULL,NULL,NULL,1,NULL,NULL,NULL,NULL,0,NULL,NULL,NULL,NULL,0,NULL,NULL,NULL,NULL,0,NULL,NULL,NULL,NULL,0,NULL,NULL,NULL,NULL,0,NULL,NULL,NULL,0,NULL,10.8108,'Xxxxxxxxxxx'),(49,1,NULL,4,NULL,NULL,NULL,NULL,4,NULL,NULL,NULL,NULL,4,NULL,NULL,NULL,NULL,4,NULL,NULL,NULL,NULL,4,NULL,NULL,NULL,NULL,4,NULL,NULL,NULL,NULL,4,NULL,NULL,NULL,NULL,4,NULL,NULL,NULL,NULL,1,NULL,NULL,NULL,1,NULL,100,'TXT'),(50,0,NULL,0,NULL,NULL,NULL,NULL,0,NULL,NULL,NULL,NULL,0,NULL,NULL,NULL,NULL,0,NULL,NULL,NULL,NULL,0,NULL,NULL,NULL,NULL,0,NULL,NULL,NULL,NULL,0,NULL,NULL,NULL,NULL,0,NULL,NULL,NULL,NULL,0,NULL,NULL,NULL,0,NULL,0,''),(51,1,NULL,4,NULL,NULL,NULL,NULL,2,NULL,NULL,NULL,NULL,1,NULL,NULL,NULL,NULL,0,NULL,NULL,NULL,NULL,0,NULL,NULL,NULL,NULL,0,NULL,NULL,NULL,NULL,0,NULL,NULL,NULL,NULL,3,NULL,NULL,NULL,NULL,0,NULL,NULL,NULL,1,NULL,32.4324,'AGS16384'),(52,1,'2016-09-17',1,'2016-09-17',NULL,NULL,NULL,0,NULL,NULL,NULL,NULL,0,NULL,NULL,NULL,NULL,0,NULL,NULL,NULL,NULL,0,NULL,NULL,NULL,NULL,0,NULL,NULL,NULL,NULL,0,NULL,NULL,NULL,NULL,0,NULL,NULL,NULL,NULL,0,NULL,NULL,NULL,1,NULL,8.10811,'AGS1263848'),(53,1,NULL,2,'2016-02-03','2016-10-01',NULL,NULL,4,NULL,NULL,NULL,NULL,1,NULL,NULL,NULL,NULL,2,NULL,NULL,NULL,NULL,1,NULL,NULL,NULL,NULL,1,NULL,NULL,NULL,NULL,1,NULL,NULL,NULL,NULL,2,NULL,NULL,NULL,NULL,3,NULL,NULL,NULL,0,NULL,48.6486,'MGO160008'),(54,1,NULL,3,NULL,NULL,NULL,NULL,1,NULL,NULL,NULL,NULL,0,NULL,NULL,NULL,NULL,0,NULL,NULL,NULL,NULL,1,NULL,NULL,NULL,NULL,0,NULL,NULL,NULL,NULL,0,NULL,NULL,NULL,NULL,2,NULL,NULL,NULL,NULL,0,NULL,NULL,NULL,0,NULL,22.8571,'AOB0220181'),(55,1,NULL,2,NULL,NULL,NULL,NULL,1,NULL,NULL,NULL,NULL,0,NULL,NULL,NULL,NULL,0,NULL,NULL,NULL,NULL,0,NULL,NULL,NULL,NULL,1,NULL,NULL,NULL,NULL,2,NULL,NULL,NULL,NULL,4,NULL,NULL,NULL,NULL,0,NULL,NULL,NULL,0,NULL,30.5556,'Hgo0760225'),(56,1,NULL,0,NULL,NULL,NULL,NULL,0,NULL,NULL,NULL,NULL,0,NULL,NULL,NULL,NULL,0,NULL,NULL,NULL,NULL,0,NULL,NULL,NULL,NULL,0,NULL,NULL,NULL,NULL,0,NULL,NULL,NULL,NULL,0,NULL,NULL,NULL,NULL,0,NULL,NULL,NULL,0,NULL,2.85714,'LAG1390218'),(57,0,NULL,0,NULL,NULL,NULL,NULL,0,NULL,NULL,NULL,NULL,0,NULL,NULL,NULL,NULL,0,NULL,NULL,NULL,NULL,0,NULL,NULL,NULL,NULL,0,NULL,NULL,NULL,NULL,0,NULL,NULL,NULL,NULL,0,NULL,NULL,NULL,NULL,0,NULL,NULL,NULL,0,NULL,0,'AOB1310051'),(58,0,NULL,0,NULL,NULL,NULL,NULL,0,NULL,NULL,NULL,NULL,0,NULL,NULL,NULL,NULL,0,NULL,NULL,NULL,NULL,0,NULL,NULL,NULL,NULL,0,NULL,NULL,NULL,NULL,0,NULL,NULL,NULL,NULL,0,NULL,NULL,NULL,NULL,0,NULL,NULL,NULL,0,NULL,0,'AOB1630155'),(59,1,'2016-01-31',4,NULL,NULL,NULL,'2016-08-06',0,NULL,NULL,NULL,NULL,0,NULL,NULL,NULL,NULL,0,NULL,NULL,NULL,NULL,0,NULL,NULL,NULL,NULL,0,NULL,NULL,NULL,NULL,1,'2016-04-30',NULL,NULL,NULL,0,NULL,NULL,NULL,NULL,0,NULL,NULL,NULL,1,'2016-08-21',18.9189,'MIC1540232'),(60,1,'2015-03-01',1,'2015-08-30',NULL,NULL,NULL,0,NULL,NULL,NULL,NULL,0,NULL,NULL,NULL,NULL,0,NULL,NULL,NULL,NULL,1,'2016-04-11',NULL,NULL,NULL,0,NULL,NULL,NULL,NULL,0,NULL,NULL,NULL,NULL,0,NULL,NULL,NULL,NULL,1,'2016-10-01',NULL,NULL,1,'2016-09-04',14.2857,'nay1400567'),(61,0,NULL,0,NULL,NULL,NULL,NULL,0,NULL,NULL,NULL,NULL,0,NULL,NULL,NULL,NULL,0,NULL,NULL,NULL,NULL,0,NULL,NULL,NULL,NULL,0,NULL,NULL,NULL,NULL,0,NULL,NULL,NULL,NULL,0,NULL,NULL,NULL,NULL,0,NULL,NULL,NULL,0,NULL,0,'1111'),(62,0,NULL,0,NULL,NULL,NULL,NULL,0,NULL,NULL,NULL,NULL,0,NULL,NULL,NULL,NULL,0,NULL,NULL,NULL,NULL,0,NULL,NULL,NULL,NULL,0,NULL,NULL,NULL,NULL,0,NULL,NULL,NULL,NULL,0,NULL,NULL,NULL,NULL,0,NULL,NULL,NULL,0,NULL,0,'NLN1240405'),(63,1,NULL,1,'2016-10-09',NULL,NULL,NULL,0,NULL,NULL,NULL,NULL,0,NULL,NULL,NULL,NULL,0,NULL,NULL,NULL,NULL,0,NULL,NULL,NULL,NULL,0,NULL,NULL,NULL,NULL,0,NULL,NULL,NULL,NULL,0,NULL,NULL,NULL,NULL,0,NULL,NULL,NULL,0,NULL,5.55556,'CHS1140139'),(64,0,NULL,0,NULL,NULL,NULL,NULL,0,NULL,NULL,NULL,NULL,0,NULL,NULL,NULL,NULL,0,NULL,NULL,NULL,NULL,0,NULL,NULL,NULL,NULL,0,NULL,NULL,NULL,NULL,0,NULL,NULL,NULL,NULL,0,NULL,NULL,NULL,NULL,0,NULL,NULL,NULL,0,NULL,0,'coy1290160'),(65,1,NULL,2,NULL,'2016-06-15',NULL,NULL,1,NULL,NULL,NULL,NULL,0,NULL,NULL,NULL,NULL,0,NULL,NULL,NULL,NULL,0,NULL,NULL,NULL,NULL,0,NULL,NULL,NULL,NULL,0,NULL,NULL,NULL,NULL,1,NULL,NULL,NULL,NULL,0,NULL,NULL,NULL,0,NULL,13.8889,'iza0630368'),(66,1,'2016-03-05',3,NULL,'2016-05-21','2016-11-26',NULL,1,NULL,NULL,NULL,NULL,0,NULL,NULL,NULL,NULL,0,NULL,NULL,NULL,NULL,0,NULL,NULL,NULL,NULL,1,NULL,NULL,NULL,NULL,0,NULL,NULL,NULL,NULL,2,NULL,'2016-11-12',NULL,NULL,0,NULL,NULL,NULL,0,NULL,21.6216,'CMP1540092'),(67,1,'2016-06-11',1,'2016-05-07',NULL,NULL,NULL,0,NULL,NULL,NULL,NULL,0,NULL,NULL,NULL,NULL,0,NULL,NULL,NULL,NULL,1,NULL,NULL,NULL,NULL,0,NULL,NULL,NULL,NULL,0,NULL,NULL,NULL,NULL,1,'2016-11-12',NULL,NULL,NULL,0,NULL,NULL,NULL,0,NULL,10.8108,'CMP1610021'),(68,1,NULL,1,'2016-06-18',NULL,NULL,NULL,0,NULL,NULL,NULL,NULL,0,NULL,NULL,NULL,NULL,0,NULL,NULL,NULL,NULL,1,NULL,NULL,NULL,NULL,0,NULL,NULL,NULL,NULL,0,NULL,NULL,NULL,NULL,1,'2016-11-12',NULL,NULL,NULL,0,NULL,NULL,NULL,0,NULL,10.8108,'CMP1610055'),(69,1,NULL,2,'2015-09-15','2016-03-12',NULL,NULL,1,NULL,NULL,NULL,NULL,0,NULL,NULL,NULL,NULL,1,NULL,NULL,NULL,NULL,0,NULL,NULL,NULL,NULL,0,NULL,NULL,NULL,NULL,0,NULL,NULL,NULL,NULL,1,NULL,NULL,NULL,NULL,0,NULL,NULL,NULL,0,NULL,16.2162,'CMP1540015'),(70,1,'2015-12-12',1,'2015-12-12',NULL,NULL,NULL,1,'2016-02-05',NULL,NULL,NULL,0,NULL,NULL,NULL,NULL,0,NULL,NULL,NULL,NULL,0,NULL,NULL,NULL,NULL,1,'2016-05-12',NULL,NULL,NULL,0,NULL,NULL,NULL,NULL,2,'2016-02-13','2016-11-12',NULL,NULL,0,NULL,NULL,NULL,0,NULL,16.2162,'CMP1510063'),(71,1,'2016-10-01',1,'2016-11-22',NULL,NULL,NULL,0,NULL,NULL,NULL,NULL,0,NULL,NULL,NULL,NULL,0,NULL,NULL,NULL,NULL,0,NULL,NULL,NULL,NULL,0,NULL,NULL,NULL,NULL,0,NULL,NULL,NULL,NULL,0,NULL,NULL,NULL,NULL,0,NULL,NULL,NULL,0,NULL,5.55556,'GT11240339'),(72,1,'2014-02-22',3,'2014-07-12','2016-10-15','2016-09-24',NULL,0,NULL,NULL,NULL,NULL,1,'2017-08-19',NULL,NULL,NULL,0,NULL,NULL,NULL,NULL,2,'2014-09-20','2016-12-10',NULL,NULL,1,'2016-07-17',NULL,NULL,NULL,1,'2015-07-11',NULL,NULL,NULL,3,'2013-01-12','2016-10-15','2017-06-10',NULL,0,NULL,NULL,NULL,0,NULL,34.2857,'VCA0310341'),(73,0,NULL,0,NULL,NULL,NULL,NULL,0,NULL,NULL,NULL,NULL,0,NULL,NULL,NULL,NULL,0,NULL,NULL,NULL,NULL,0,NULL,NULL,NULL,NULL,0,NULL,NULL,NULL,NULL,0,NULL,NULL,NULL,NULL,0,NULL,NULL,NULL,NULL,0,NULL,NULL,NULL,0,NULL,0,'MIC1610172'),(74,1,'2016-07-10',0,NULL,NULL,NULL,NULL,0,NULL,NULL,NULL,NULL,0,NULL,NULL,NULL,NULL,0,NULL,NULL,NULL,NULL,0,NULL,NULL,NULL,NULL,0,NULL,NULL,NULL,NULL,0,NULL,NULL,NULL,NULL,0,NULL,NULL,NULL,NULL,0,NULL,NULL,NULL,0,NULL,2.7027,'MIC1630115'),(75,0,NULL,0,NULL,NULL,NULL,NULL,0,NULL,NULL,NULL,NULL,0,NULL,NULL,NULL,NULL,0,NULL,NULL,NULL,NULL,0,NULL,NULL,NULL,NULL,0,NULL,NULL,NULL,NULL,0,NULL,NULL,NULL,NULL,0,NULL,NULL,NULL,NULL,0,NULL,NULL,NULL,0,NULL,0,'MIC1630168'),(76,0,NULL,0,NULL,NULL,NULL,NULL,0,NULL,NULL,NULL,NULL,0,NULL,NULL,NULL,NULL,0,NULL,NULL,NULL,NULL,0,NULL,NULL,NULL,NULL,0,NULL,NULL,NULL,NULL,0,NULL,NULL,NULL,NULL,0,NULL,NULL,NULL,NULL,0,NULL,NULL,NULL,0,NULL,0,'MIC1540107'),(77,0,NULL,0,NULL,NULL,NULL,NULL,0,NULL,NULL,NULL,NULL,0,NULL,NULL,NULL,NULL,0,NULL,NULL,NULL,NULL,0,NULL,NULL,NULL,NULL,0,NULL,NULL,NULL,NULL,0,NULL,NULL,NULL,NULL,0,NULL,NULL,NULL,NULL,0,NULL,NULL,NULL,0,NULL,0,'MIC0920052'),(78,1,'2016-07-10',2,NULL,'2016-10-08',NULL,NULL,0,NULL,NULL,NULL,NULL,0,NULL,NULL,NULL,NULL,0,NULL,NULL,NULL,NULL,0,NULL,NULL,NULL,NULL,0,NULL,NULL,NULL,NULL,0,NULL,NULL,NULL,NULL,0,NULL,NULL,NULL,NULL,0,NULL,NULL,NULL,0,NULL,8.10811,'MIC1640117'),(79,0,NULL,0,NULL,NULL,NULL,NULL,0,NULL,NULL,NULL,NULL,0,NULL,NULL,NULL,NULL,0,NULL,NULL,NULL,NULL,0,NULL,NULL,NULL,NULL,0,NULL,NULL,NULL,NULL,0,NULL,NULL,NULL,NULL,0,NULL,NULL,NULL,NULL,0,NULL,NULL,NULL,0,NULL,0,'MIC1220209'),(80,0,NULL,0,NULL,NULL,NULL,NULL,0,NULL,NULL,NULL,NULL,0,NULL,NULL,NULL,NULL,0,NULL,NULL,NULL,NULL,0,NULL,NULL,NULL,NULL,0,NULL,NULL,NULL,NULL,0,NULL,NULL,NULL,NULL,0,NULL,NULL,NULL,NULL,0,NULL,NULL,NULL,0,NULL,0,'MIC1020222'),(81,0,NULL,0,NULL,NULL,NULL,NULL,0,NULL,NULL,NULL,NULL,0,NULL,NULL,NULL,NULL,0,NULL,NULL,NULL,NULL,0,NULL,NULL,NULL,NULL,0,NULL,NULL,NULL,NULL,0,NULL,NULL,NULL,NULL,0,NULL,NULL,NULL,NULL,0,NULL,NULL,NULL,0,NULL,0,'MIC1120386'),(82,0,NULL,0,NULL,NULL,NULL,NULL,0,NULL,NULL,NULL,NULL,0,NULL,NULL,NULL,NULL,0,NULL,NULL,NULL,NULL,0,NULL,NULL,NULL,NULL,0,NULL,NULL,NULL,NULL,0,NULL,NULL,NULL,NULL,0,NULL,NULL,NULL,NULL,0,NULL,NULL,NULL,0,NULL,0,'MIC0920490'),(83,0,NULL,0,NULL,NULL,NULL,NULL,0,NULL,NULL,NULL,NULL,0,NULL,NULL,NULL,NULL,0,NULL,NULL,NULL,NULL,0,NULL,NULL,NULL,NULL,0,NULL,NULL,NULL,NULL,0,NULL,NULL,NULL,NULL,0,NULL,NULL,NULL,NULL,0,NULL,NULL,NULL,0,NULL,0,'MIC1640169'),(84,0,NULL,0,NULL,NULL,NULL,NULL,0,NULL,NULL,NULL,NULL,0,NULL,NULL,NULL,NULL,0,NULL,NULL,NULL,NULL,0,NULL,NULL,NULL,NULL,0,NULL,NULL,NULL,NULL,0,NULL,NULL,NULL,NULL,0,NULL,NULL,NULL,NULL,0,NULL,NULL,NULL,0,NULL,0,'MIC1610165'),(85,0,NULL,0,NULL,NULL,NULL,NULL,0,NULL,NULL,NULL,NULL,0,NULL,NULL,NULL,NULL,0,NULL,NULL,NULL,NULL,0,NULL,NULL,NULL,NULL,0,NULL,NULL,NULL,NULL,0,NULL,NULL,NULL,NULL,0,NULL,NULL,NULL,NULL,0,NULL,NULL,NULL,0,NULL,0,'MIC1320288'),(88,1,NULL,3,NULL,'2015-02-07','2016-05-07',NULL,2,'2015-02-07',NULL,NULL,NULL,1,'2015-02-14',NULL,NULL,NULL,1,'2015-04-25',NULL,NULL,NULL,1,'2016-01-23',NULL,NULL,NULL,0,NULL,NULL,NULL,NULL,0,NULL,NULL,NULL,NULL,1,'2015-04-11',NULL,NULL,NULL,0,NULL,NULL,NULL,0,NULL,27.027,'BCN1410377'),(90,1,NULL,2,NULL,NULL,NULL,NULL,2,NULL,NULL,NULL,NULL,0,NULL,NULL,NULL,NULL,1,NULL,NULL,NULL,NULL,2,NULL,NULL,NULL,NULL,0,NULL,NULL,NULL,NULL,0,NULL,NULL,NULL,NULL,1,NULL,NULL,NULL,NULL,0,NULL,NULL,NULL,0,NULL,24.3243,'coy1430242'),(91,1,NULL,0,NULL,NULL,NULL,NULL,0,NULL,NULL,NULL,NULL,0,NULL,NULL,NULL,NULL,0,NULL,NULL,NULL,NULL,0,NULL,NULL,NULL,NULL,0,NULL,NULL,NULL,NULL,0,NULL,NULL,NULL,NULL,0,NULL,NULL,NULL,NULL,0,NULL,NULL,NULL,0,NULL,2.7027,'COA0910285'),(92,1,NULL,1,NULL,NULL,NULL,NULL,0,NULL,NULL,NULL,NULL,0,NULL,NULL,NULL,NULL,0,NULL,NULL,NULL,NULL,0,NULL,NULL,NULL,NULL,0,NULL,NULL,NULL,NULL,0,NULL,NULL,NULL,NULL,0,NULL,NULL,NULL,NULL,0,NULL,NULL,NULL,0,NULL,5.40541,'COY1510183'),(93,1,NULL,3,NULL,NULL,NULL,NULL,0,NULL,NULL,NULL,NULL,0,NULL,NULL,NULL,NULL,0,NULL,NULL,NULL,NULL,0,NULL,NULL,NULL,NULL,0,NULL,NULL,NULL,NULL,0,NULL,NULL,NULL,NULL,0,NULL,NULL,NULL,NULL,0,NULL,NULL,NULL,0,NULL,10.8108,'COY1310127'),(94,1,NULL,3,NULL,NULL,NULL,NULL,0,NULL,NULL,NULL,NULL,0,NULL,NULL,NULL,NULL,0,NULL,NULL,NULL,NULL,0,NULL,NULL,NULL,NULL,0,NULL,NULL,NULL,NULL,0,NULL,NULL,NULL,NULL,0,NULL,NULL,NULL,NULL,0,NULL,NULL,NULL,0,NULL,10.8108,'COY1540052'),(95,1,NULL,1,NULL,NULL,NULL,NULL,0,NULL,NULL,NULL,NULL,0,NULL,NULL,NULL,NULL,0,NULL,NULL,NULL,NULL,0,NULL,NULL,NULL,NULL,0,NULL,NULL,NULL,NULL,0,NULL,NULL,NULL,NULL,2,NULL,'2016-11-12',NULL,NULL,0,NULL,NULL,NULL,0,NULL,10.8108,'CMP1320013'),(96,1,'2016-11-19',0,NULL,NULL,NULL,NULL,0,NULL,NULL,NULL,NULL,0,NULL,NULL,NULL,NULL,0,NULL,NULL,NULL,NULL,0,NULL,NULL,NULL,NULL,0,NULL,NULL,NULL,NULL,0,NULL,NULL,NULL,NULL,0,NULL,NULL,NULL,NULL,0,NULL,NULL,NULL,0,NULL,2.7027,'DGO1620058'),(97,1,'2013-12-02',3,'2014-05-04','2015-05-30','2016-05-01',NULL,0,NULL,NULL,NULL,NULL,0,NULL,NULL,NULL,NULL,0,NULL,NULL,NULL,NULL,0,NULL,NULL,NULL,NULL,0,NULL,NULL,NULL,NULL,0,NULL,NULL,NULL,NULL,1,NULL,NULL,NULL,NULL,0,NULL,NULL,NULL,0,NULL,13.5135,'DGO1120042'),(98,1,'2010-06-17',2,NULL,'2015-10-17',NULL,NULL,1,'2015-02-11',NULL,NULL,NULL,0,NULL,NULL,NULL,NULL,1,'2010-02-11',NULL,NULL,NULL,0,NULL,NULL,NULL,NULL,1,'2017-07-07',NULL,NULL,NULL,0,NULL,NULL,NULL,NULL,2,NULL,NULL,NULL,NULL,0,NULL,NULL,NULL,0,NULL,22.2222,'DGO1020130'),(99,1,'2009-09-25',1,'2015-09-09',NULL,NULL,NULL,0,NULL,NULL,NULL,NULL,0,NULL,NULL,NULL,NULL,0,NULL,NULL,NULL,NULL,0,NULL,NULL,NULL,NULL,0,NULL,NULL,NULL,NULL,0,NULL,NULL,NULL,NULL,0,NULL,NULL,NULL,NULL,0,NULL,NULL,NULL,0,NULL,5.55556,'BCN0910309'),(100,1,'2016-02-01',2,NULL,'2016-02-01',NULL,NULL,1,NULL,NULL,NULL,NULL,0,NULL,NULL,NULL,NULL,0,NULL,NULL,NULL,NULL,0,NULL,NULL,NULL,NULL,0,NULL,NULL,NULL,NULL,0,NULL,NULL,NULL,NULL,1,NULL,NULL,NULL,NULL,0,NULL,NULL,NULL,0,NULL,13.8889,'DGO1140088'),(101,1,'2014-04-28',2,NULL,NULL,NULL,NULL,0,NULL,NULL,NULL,NULL,0,NULL,NULL,NULL,NULL,0,NULL,NULL,NULL,NULL,0,NULL,NULL,NULL,NULL,0,NULL,NULL,NULL,NULL,0,NULL,NULL,NULL,NULL,0,NULL,NULL,NULL,NULL,0,NULL,NULL,NULL,0,NULL,8.33333,'DGO1330063'),(102,1,'2019-09-17',1,'2016-09-09',NULL,NULL,NULL,0,NULL,NULL,NULL,NULL,0,NULL,NULL,NULL,NULL,0,NULL,NULL,NULL,NULL,0,NULL,NULL,NULL,NULL,1,'2017-07-07',NULL,NULL,NULL,0,NULL,NULL,NULL,NULL,1,'2017-07-28',NULL,NULL,NULL,0,NULL,NULL,NULL,0,NULL,11.1111,'DGO1540183'),(103,1,'2013-12-02',2,'2014-07-14','2015-05-30',NULL,NULL,0,NULL,NULL,NULL,NULL,0,NULL,NULL,NULL,NULL,0,NULL,NULL,NULL,NULL,0,NULL,NULL,NULL,NULL,0,NULL,NULL,NULL,NULL,0,NULL,NULL,NULL,NULL,1,NULL,NULL,NULL,NULL,0,NULL,NULL,NULL,0,NULL,10.8108,'DGO1340167'),(104,1,NULL,1,NULL,NULL,NULL,NULL,0,NULL,NULL,NULL,NULL,0,NULL,NULL,NULL,NULL,0,NULL,NULL,NULL,NULL,0,NULL,NULL,NULL,NULL,0,NULL,NULL,NULL,NULL,0,NULL,NULL,NULL,NULL,0,NULL,NULL,NULL,NULL,0,NULL,NULL,NULL,0,NULL,5.40541,'DGO1320095'),(105,1,'2016-03-03',2,'2016-02-28','2017-01-21',NULL,NULL,0,NULL,NULL,NULL,NULL,0,NULL,NULL,NULL,NULL,0,NULL,NULL,NULL,NULL,0,NULL,NULL,NULL,NULL,1,'2016-07-09',NULL,NULL,NULL,0,NULL,NULL,NULL,NULL,0,NULL,NULL,NULL,NULL,0,NULL,NULL,NULL,0,NULL,10.8108,'COH1234567'),(106,0,NULL,0,NULL,NULL,NULL,NULL,0,NULL,NULL,NULL,NULL,0,NULL,NULL,NULL,NULL,0,NULL,NULL,NULL,NULL,0,NULL,NULL,NULL,NULL,0,NULL,NULL,NULL,NULL,0,NULL,NULL,NULL,NULL,0,NULL,NULL,NULL,NULL,0,NULL,NULL,NULL,0,NULL,0,'BJU0610317'),(107,1,NULL,2,NULL,'2016-09-03',NULL,NULL,0,NULL,NULL,NULL,NULL,0,NULL,NULL,NULL,NULL,1,'2017-02-04',NULL,NULL,NULL,0,NULL,NULL,NULL,NULL,0,NULL,NULL,NULL,NULL,0,NULL,NULL,NULL,NULL,2,NULL,'2017-06-10',NULL,NULL,0,NULL,NULL,NULL,0,NULL,16.2162,'DGO1530038'),(108,1,NULL,1,'2017-02-04',NULL,NULL,NULL,0,NULL,NULL,NULL,NULL,0,NULL,NULL,NULL,NULL,0,NULL,NULL,NULL,NULL,0,NULL,NULL,NULL,NULL,0,NULL,NULL,NULL,NULL,0,NULL,NULL,NULL,NULL,0,NULL,NULL,NULL,NULL,0,NULL,NULL,NULL,0,NULL,5.40541,'DGO1320134'),(109,1,NULL,2,NULL,'2017-03-18',NULL,NULL,0,NULL,NULL,NULL,NULL,0,NULL,NULL,NULL,NULL,0,NULL,NULL,NULL,NULL,0,NULL,NULL,NULL,NULL,0,NULL,NULL,NULL,NULL,0,NULL,NULL,NULL,NULL,0,NULL,NULL,NULL,NULL,0,NULL,NULL,NULL,0,NULL,8.10811,'DGO1410037'),(110,1,NULL,2,NULL,'2016-09-03',NULL,NULL,0,NULL,NULL,NULL,NULL,0,NULL,NULL,NULL,NULL,0,NULL,NULL,NULL,NULL,0,NULL,NULL,NULL,NULL,0,NULL,NULL,NULL,NULL,0,NULL,NULL,NULL,NULL,2,NULL,'2017-06-10',NULL,NULL,0,NULL,NULL,NULL,0,NULL,13.5135,'DGO1110200'),(111,1,NULL,3,NULL,NULL,'2017-02-19',NULL,0,NULL,NULL,NULL,NULL,0,NULL,NULL,NULL,NULL,0,NULL,NULL,NULL,NULL,0,NULL,NULL,NULL,NULL,0,NULL,NULL,NULL,NULL,0,NULL,NULL,NULL,NULL,2,NULL,'2017-06-10',NULL,NULL,0,NULL,NULL,NULL,1,'2017-02-19',18.9189,'DGO1120159'),(112,1,NULL,1,NULL,NULL,NULL,NULL,0,NULL,NULL,NULL,NULL,0,NULL,NULL,NULL,NULL,0,NULL,NULL,NULL,NULL,0,NULL,NULL,NULL,NULL,0,NULL,NULL,NULL,NULL,0,NULL,NULL,NULL,NULL,0,NULL,NULL,NULL,NULL,0,NULL,NULL,NULL,0,NULL,5.40541,'DGO1420176'),(113,0,NULL,1,NULL,NULL,NULL,NULL,0,NULL,NULL,NULL,NULL,0,NULL,NULL,NULL,NULL,0,NULL,NULL,NULL,NULL,0,NULL,NULL,NULL,NULL,0,NULL,NULL,NULL,NULL,0,NULL,NULL,NULL,NULL,1,NULL,NULL,NULL,NULL,0,NULL,NULL,NULL,0,NULL,5.40541,'DGO1120156'),(115,1,'2016-09-03',2,'2016-09-03','2017-02-19',NULL,NULL,0,NULL,NULL,NULL,NULL,0,NULL,NULL,NULL,NULL,0,NULL,NULL,NULL,NULL,0,NULL,NULL,NULL,NULL,0,NULL,NULL,NULL,NULL,0,NULL,NULL,NULL,NULL,2,NULL,'2017-06-10',NULL,NULL,0,NULL,NULL,NULL,0,NULL,13.5135,'DGO1520253'),(116,1,'2017-02-19',2,'2017-02-19','2017-05-13',NULL,NULL,0,NULL,NULL,NULL,NULL,0,NULL,NULL,NULL,NULL,0,NULL,NULL,NULL,NULL,0,NULL,NULL,NULL,NULL,0,NULL,NULL,NULL,NULL,0,NULL,NULL,NULL,NULL,2,NULL,'2017-06-10',NULL,NULL,0,NULL,NULL,NULL,0,NULL,13.5135,'DGO1630253'),(117,1,'2016-10-22',1,'2016-10-22',NULL,NULL,NULL,0,NULL,NULL,NULL,NULL,0,NULL,NULL,NULL,NULL,0,NULL,NULL,NULL,NULL,0,NULL,NULL,NULL,NULL,0,NULL,NULL,NULL,NULL,0,NULL,NULL,NULL,NULL,0,NULL,NULL,NULL,NULL,0,NULL,NULL,NULL,0,NULL,5.55556,'BJU0810351'),(118,0,NULL,0,NULL,NULL,NULL,NULL,0,NULL,NULL,NULL,NULL,0,NULL,NULL,NULL,NULL,0,NULL,NULL,NULL,NULL,0,NULL,NULL,NULL,NULL,0,NULL,NULL,NULL,NULL,0,NULL,NULL,NULL,NULL,0,NULL,NULL,NULL,NULL,0,NULL,NULL,NULL,0,NULL,0,'BJU1430325'),(119,1,'2016-08-06',1,'2016-08-06',NULL,NULL,NULL,0,NULL,NULL,NULL,NULL,0,NULL,NULL,NULL,NULL,0,NULL,NULL,NULL,NULL,0,NULL,NULL,NULL,NULL,0,NULL,NULL,NULL,NULL,0,NULL,NULL,NULL,NULL,0,NULL,NULL,NULL,NULL,0,NULL,NULL,NULL,0,NULL,5.55556,'BJU0810318'),(120,1,'2014-05-24',3,'2014-05-24','2015-07-18','2016-07-02',NULL,1,'2016-07-02',NULL,NULL,NULL,0,NULL,NULL,NULL,NULL,1,'2016-11-20',NULL,NULL,NULL,1,'2017-01-22',NULL,NULL,NULL,0,NULL,NULL,NULL,NULL,1,'2017-01-21',NULL,NULL,NULL,1,'2017-01-21',NULL,NULL,NULL,1,'2016-11-20',NULL,NULL,1,'2016-11-20',30.5556,'BJU1140112'),(121,1,NULL,2,NULL,NULL,NULL,NULL,0,NULL,NULL,NULL,NULL,0,NULL,NULL,NULL,NULL,0,NULL,NULL,NULL,NULL,0,NULL,NULL,NULL,NULL,0,NULL,NULL,NULL,NULL,0,NULL,NULL,NULL,NULL,0,NULL,NULL,NULL,NULL,0,NULL,NULL,NULL,0,NULL,8.10811,'DGO1220017'),(122,0,NULL,0,NULL,NULL,NULL,NULL,0,NULL,NULL,NULL,NULL,0,NULL,NULL,NULL,NULL,0,NULL,NULL,NULL,NULL,0,NULL,NULL,NULL,NULL,0,NULL,NULL,NULL,NULL,0,NULL,NULL,NULL,NULL,0,NULL,NULL,NULL,NULL,0,NULL,NULL,NULL,0,NULL,0,'VCA1680014'),(123,0,NULL,0,NULL,NULL,NULL,NULL,0,NULL,NULL,NULL,NULL,0,NULL,NULL,NULL,NULL,0,NULL,NULL,NULL,NULL,0,NULL,NULL,NULL,NULL,0,NULL,NULL,NULL,NULL,0,NULL,NULL,NULL,NULL,0,NULL,NULL,NULL,NULL,0,NULL,NULL,NULL,0,NULL,0,'BJU0620316'),(124,0,NULL,0,NULL,NULL,NULL,NULL,0,NULL,NULL,NULL,NULL,0,NULL,NULL,NULL,NULL,0,NULL,NULL,NULL,NULL,0,NULL,NULL,NULL,NULL,0,NULL,NULL,NULL,NULL,0,NULL,NULL,NULL,NULL,0,NULL,NULL,NULL,NULL,0,NULL,NULL,NULL,0,NULL,0,'VCA1590039'),(126,0,NULL,0,NULL,NULL,NULL,NULL,0,NULL,NULL,NULL,NULL,0,NULL,NULL,NULL,NULL,0,NULL,NULL,NULL,NULL,0,NULL,NULL,NULL,NULL,0,NULL,NULL,NULL,NULL,0,NULL,NULL,NULL,NULL,0,NULL,NULL,NULL,NULL,0,NULL,NULL,NULL,0,NULL,0,'DGO1640108'),(127,1,NULL,3,NULL,NULL,NULL,NULL,1,NULL,NULL,NULL,NULL,0,NULL,NULL,NULL,NULL,0,NULL,NULL,NULL,NULL,0,NULL,NULL,NULL,NULL,0,NULL,NULL,NULL,NULL,0,NULL,NULL,NULL,NULL,0,NULL,NULL,NULL,NULL,0,NULL,NULL,NULL,0,NULL,13.5135,'DGO1630046'),(128,1,'2017-07-14',1,NULL,NULL,NULL,NULL,0,NULL,NULL,NULL,NULL,0,NULL,NULL,NULL,NULL,0,NULL,NULL,NULL,NULL,0,NULL,NULL,NULL,NULL,0,NULL,NULL,NULL,NULL,0,NULL,NULL,NULL,NULL,0,NULL,NULL,NULL,NULL,0,NULL,NULL,NULL,0,NULL,5.71429,'AGS0710306'),(129,1,'2017-06-30',1,NULL,NULL,NULL,NULL,0,NULL,NULL,NULL,NULL,0,NULL,NULL,NULL,NULL,1,'2017-08-12',NULL,NULL,NULL,0,NULL,NULL,NULL,NULL,0,NULL,NULL,NULL,NULL,0,NULL,NULL,NULL,NULL,0,NULL,NULL,NULL,NULL,0,NULL,NULL,NULL,0,NULL,8.57143,'AGS1770070'),(130,1,NULL,1,'2017-01-21',NULL,NULL,NULL,0,NULL,NULL,NULL,NULL,0,NULL,NULL,NULL,NULL,0,NULL,NULL,NULL,NULL,2,NULL,NULL,NULL,NULL,0,NULL,NULL,NULL,NULL,0,NULL,NULL,NULL,NULL,2,NULL,NULL,NULL,NULL,0,NULL,NULL,NULL,0,NULL,17.1429,'AGS0940456'),(131,1,NULL,1,NULL,NULL,NULL,NULL,0,NULL,NULL,NULL,NULL,0,NULL,NULL,NULL,NULL,0,NULL,NULL,NULL,NULL,0,NULL,NULL,NULL,NULL,0,NULL,NULL,NULL,NULL,0,NULL,NULL,NULL,NULL,1,NULL,NULL,NULL,NULL,0,NULL,NULL,NULL,0,NULL,8.57143,'AGS0940181'),(132,1,NULL,1,NULL,NULL,NULL,NULL,0,NULL,NULL,NULL,NULL,0,NULL,NULL,NULL,NULL,0,NULL,NULL,NULL,NULL,0,NULL,NULL,NULL,NULL,0,NULL,NULL,NULL,NULL,0,NULL,NULL,NULL,NULL,0,NULL,NULL,NULL,NULL,0,NULL,NULL,NULL,0,NULL,5.71429,'AGS1560135'),(133,1,'2017-06-24',1,'2017-06-24',NULL,NULL,NULL,0,NULL,NULL,NULL,NULL,0,NULL,NULL,NULL,NULL,0,NULL,NULL,NULL,NULL,0,NULL,NULL,NULL,NULL,0,NULL,NULL,NULL,NULL,0,NULL,NULL,NULL,NULL,0,NULL,NULL,NULL,NULL,0,NULL,NULL,NULL,0,NULL,5.71429,'AGS1780061'),(134,1,NULL,1,NULL,NULL,NULL,NULL,1,NULL,NULL,NULL,NULL,0,NULL,NULL,NULL,NULL,0,NULL,NULL,NULL,NULL,1,NULL,NULL,NULL,NULL,0,NULL,NULL,NULL,NULL,1,NULL,NULL,NULL,NULL,2,'2017-02-18','2017-03-04',NULL,NULL,0,NULL,NULL,NULL,0,NULL,20,'AGS1580137'),(135,1,'2016-09-17',1,'2017-01-21',NULL,NULL,NULL,0,NULL,NULL,NULL,NULL,0,NULL,NULL,NULL,NULL,0,NULL,NULL,NULL,NULL,0,NULL,NULL,NULL,NULL,0,NULL,NULL,NULL,NULL,1,NULL,NULL,NULL,NULL,1,NULL,NULL,NULL,NULL,0,NULL,NULL,NULL,0,NULL,11.4286,'AGS1670119'),(136,1,NULL,1,'2017-05-01',NULL,NULL,NULL,0,NULL,NULL,NULL,NULL,0,NULL,NULL,NULL,NULL,0,NULL,NULL,NULL,NULL,0,NULL,NULL,NULL,NULL,0,NULL,NULL,NULL,NULL,0,NULL,NULL,NULL,NULL,0,NULL,NULL,NULL,NULL,0,NULL,NULL,NULL,0,NULL,5.40541,'Dgo1234567'),(137,0,NULL,0,NULL,NULL,NULL,NULL,0,NULL,NULL,NULL,NULL,0,NULL,NULL,NULL,NULL,0,NULL,NULL,NULL,NULL,0,NULL,NULL,NULL,NULL,0,NULL,NULL,NULL,NULL,0,NULL,NULL,NULL,NULL,0,NULL,NULL,NULL,NULL,0,NULL,NULL,NULL,0,NULL,0,'DGO1520140'),(138,0,NULL,0,NULL,NULL,NULL,NULL,0,NULL,NULL,NULL,NULL,0,NULL,NULL,NULL,NULL,0,NULL,NULL,NULL,NULL,0,NULL,NULL,NULL,NULL,0,NULL,NULL,NULL,NULL,0,NULL,NULL,NULL,NULL,0,NULL,NULL,NULL,NULL,0,NULL,NULL,NULL,0,NULL,0,'Dgo11'),(139,0,NULL,0,NULL,NULL,NULL,NULL,0,NULL,NULL,NULL,NULL,0,NULL,NULL,NULL,NULL,0,NULL,NULL,NULL,NULL,0,NULL,NULL,NULL,NULL,0,NULL,NULL,NULL,NULL,0,NULL,NULL,NULL,NULL,0,NULL,NULL,NULL,NULL,0,NULL,NULL,NULL,0,NULL,0,'CMP1730020'),(140,0,NULL,0,NULL,NULL,NULL,NULL,0,NULL,NULL,NULL,NULL,0,NULL,NULL,NULL,NULL,0,NULL,NULL,NULL,NULL,0,NULL,NULL,NULL,NULL,0,NULL,NULL,NULL,NULL,0,NULL,NULL,NULL,NULL,0,NULL,NULL,NULL,NULL,0,NULL,NULL,NULL,0,NULL,0,'CMP1710022'),(141,1,'2016-03-26',0,NULL,NULL,NULL,NULL,0,NULL,NULL,NULL,NULL,0,NULL,NULL,NULL,NULL,0,NULL,NULL,NULL,NULL,0,NULL,NULL,NULL,NULL,0,NULL,NULL,NULL,NULL,0,NULL,NULL,NULL,NULL,0,NULL,NULL,NULL,NULL,0,NULL,NULL,NULL,0,NULL,2.77778,'AGS0720146'),(142,1,'2016-08-06',1,'2017-04-16',NULL,NULL,NULL,0,NULL,NULL,NULL,NULL,0,NULL,NULL,NULL,NULL,0,NULL,NULL,NULL,NULL,0,NULL,NULL,NULL,NULL,0,NULL,NULL,NULL,NULL,0,NULL,NULL,NULL,NULL,0,NULL,NULL,NULL,NULL,0,NULL,NULL,NULL,0,NULL,5.55556,'AGS0820384'),(143,1,'2015-11-21',3,'2015-11-21','2016-09-17','2017-04-16',NULL,0,NULL,NULL,NULL,NULL,0,NULL,NULL,NULL,NULL,0,NULL,NULL,NULL,NULL,0,NULL,NULL,NULL,NULL,0,NULL,NULL,NULL,NULL,0,NULL,NULL,NULL,NULL,0,NULL,NULL,NULL,NULL,0,NULL,NULL,NULL,0,NULL,11.1111,'AGS0720225'),(144,1,'2016-03-26',2,'2015-11-20','2017-04-16',NULL,NULL,3,'2016-11-20','2016-11-20','2016-11-20',NULL,0,NULL,NULL,NULL,NULL,0,NULL,NULL,NULL,NULL,0,NULL,NULL,NULL,NULL,0,NULL,NULL,NULL,NULL,0,NULL,NULL,NULL,NULL,2,'2016-08-06','2017-04-16',NULL,NULL,0,NULL,NULL,NULL,0,NULL,22.2222,'AGS1660034'),(145,1,'2017-04-08',0,NULL,NULL,NULL,NULL,0,NULL,NULL,NULL,NULL,0,NULL,NULL,NULL,NULL,0,NULL,NULL,NULL,NULL,0,NULL,NULL,NULL,NULL,0,NULL,NULL,NULL,NULL,0,NULL,NULL,NULL,NULL,0,NULL,NULL,NULL,NULL,0,NULL,NULL,NULL,0,NULL,2.7027,'DGO1720042'),(146,0,NULL,0,NULL,NULL,NULL,NULL,0,NULL,NULL,NULL,NULL,0,NULL,NULL,NULL,NULL,0,NULL,NULL,NULL,NULL,0,NULL,NULL,NULL,NULL,0,NULL,NULL,NULL,NULL,0,NULL,NULL,NULL,NULL,0,NULL,NULL,NULL,NULL,0,NULL,NULL,NULL,0,NULL,0,'ABC2342342'),(147,0,NULL,0,NULL,NULL,NULL,NULL,0,NULL,NULL,NULL,NULL,0,NULL,NULL,NULL,NULL,0,NULL,NULL,NULL,NULL,0,NULL,NULL,NULL,NULL,0,NULL,NULL,NULL,NULL,0,NULL,NULL,NULL,NULL,0,NULL,NULL,NULL,NULL,0,NULL,NULL,NULL,0,NULL,0,'AGS12'),(148,1,NULL,1,NULL,NULL,NULL,NULL,0,NULL,NULL,NULL,NULL,0,NULL,NULL,NULL,NULL,1,'2017-07-07',NULL,NULL,NULL,0,NULL,NULL,NULL,NULL,0,NULL,NULL,NULL,NULL,0,NULL,NULL,NULL,NULL,1,'2017-08-12',NULL,NULL,NULL,0,NULL,NULL,NULL,1,NULL,14.2857,'AGS08'),(149,1,NULL,1,NULL,NULL,NULL,NULL,0,NULL,NULL,NULL,NULL,0,NULL,NULL,NULL,NULL,1,NULL,NULL,NULL,NULL,0,NULL,NULL,NULL,NULL,0,NULL,NULL,NULL,NULL,1,NULL,NULL,NULL,NULL,1,NULL,NULL,NULL,NULL,0,NULL,NULL,NULL,0,NULL,14.2857,'AGS15'),(150,0,NULL,0,NULL,NULL,NULL,NULL,0,NULL,NULL,NULL,NULL,0,NULL,NULL,NULL,NULL,0,NULL,NULL,NULL,NULL,0,NULL,NULL,NULL,NULL,0,NULL,NULL,NULL,NULL,0,NULL,NULL,NULL,NULL,0,NULL,NULL,NULL,NULL,0,NULL,NULL,NULL,0,NULL,0,'AGS09'),(151,1,'2017-06-10',1,'2017-06-10',NULL,NULL,NULL,0,NULL,NULL,NULL,NULL,0,NULL,NULL,NULL,NULL,0,NULL,NULL,NULL,NULL,0,NULL,NULL,NULL,NULL,0,NULL,NULL,NULL,NULL,0,NULL,NULL,NULL,NULL,0,NULL,NULL,NULL,NULL,0,NULL,NULL,NULL,0,NULL,5.40541,'Dgo1740062');
/*!40000 ALTER TABLE `progresionespersonales` ENABLE KEYS */;
UNLOCK TABLES;

--
-- Table structure for table `scouts`
--

DROP TABLE IF EXISTS `scouts`;
/*!40101 SET @saved_cs_client     = @@character_set_client */;
/*!40101 SET character_set_client = utf8 */;
CREATE TABLE `scouts` (
  `cum` varchar(15) COLLATE utf8_unicode_ci NOT NULL,
  `nombre` varchar(1000) COLLATE utf8_unicode_ci NOT NULL,
  `genero` char(1) COLLATE utf8_unicode_ci NOT NULL,
  `fechanacimiento` date DEFAULT NULL,
  `escuela` varchar(1000) COLLATE utf8_unicode_ci NOT NULL,
  `email` varchar(100) COLLATE utf8_unicode_ci NOT NULL,
  `telefono` varchar(100) COLLATE utf8_unicode_ci NOT NULL,
  `domicilio` varchar(1000) COLLATE utf8_unicode_ci NOT NULL,
  `foto` varchar(10000) COLLATE utf8_unicode_ci NOT NULL DEFAULT 'img/fpo_avatar.png',
  `patrulla` int(11) NOT NULL,
  PRIMARY KEY (`cum`),
  KEY `patrulla` (`patrulla`) USING BTREE,
  CONSTRAINT `scouts_ibfk_1` FOREIGN KEY (`patrulla`) REFERENCES `patrullas` (`idpatrullas`) ON DELETE CASCADE ON UPDATE CASCADE
) ENGINE=InnoDB DEFAULT CHARSET=utf8 COLLATE=utf8_unicode_ci;
/*!40101 SET character_set_client = @saved_cs_client */;

--
-- Dumping data for table `scouts`
--

LOCK TABLES `scouts` WRITE;
/*!40000 ALTER TABLE `scouts` DISABLE KEYS */;
INSERT INTO `scouts` VALUES ('','','F',NULL,'','','','','img/fpo_avatar.png',72),('1111','swsws','F','2016-10-05','','','','','img/fpo_avatar.png',303),('ABC2342342','Pablo','M','1999-11-03','','','','','img/fpo_avatar.png',421),('AGS0710306','IRIA CASTORENA RAUDRY','F','1999-02-17','ITESO','iria.raudry@gmail.com','4495485257','Calle Monte Blanco #406, Fracc. Jardines de la Consepción 2da Sección, Aguascalientes, Ags','fotos/ags0710306.png',70),('AGS0720146','Luis Angel Garcia Sotelo','M',NULL,'CBETIS 168','','449 195 85 29','','img/fpo_avatar.png',417),('AGS0720225','Ixe Yakir Barajas Gomes','M',NULL,'CBETIS 168','','449 201 8366','','img/fpo_avatar.png',415),('AGS08','RAFAEL ARANDA SOTO','M',NULL,'','','','','img/fpo_avatar.png',70),('AGS0820384','Osvaldo Martinez Muños','M',NULL,'CBETIS 155','','449 190 4281','','fotos/ags0820384.png',418),('AGS09','OCTAVIO JOEL MORENO DENA','M','2017-06-22','UPA','','','','img/fpo_avatar.png',70),('AGS0940181','LUIS GERARDO MORENO DENA','M',NULL,'','','4491648428','','img/fpo_avatar.png',70),('AGS0940456','CARLOS STEPHAN HAUBI VILLA-OLMOS','M','1997-12-26','UAA','carlos_haubi@hotmail.com','4494120892','','img/fpo_avatar.png',70),('AGS12','JAZMÍN GOMEZ','F',NULL,'','','','','img/fpo_avatar.png',70),('AGS1263848','Alison Navarro','F',NULL,'','','','','img/fpo_avatar.png',79),('AGS15','MARIANA DEL NIÑO JESUS LOMELI SERRANO','F',NULL,'','','','','img/fpo_avatar.png',70),('AGS1560135','PABLO EMILIO PATIÑO CORDOBA','M',NULL,'UVM','','4491128155','','img/fpo_avatar.png',70),('AGS1580137','GERARDO GUEVARA DURAN','M',NULL,'ITA','','4499996211','','img/fpo_avatar.png',70),('AGS16384','Cristina García','F',NULL,'Secundaria 22','','','','img/fpo_avatar.png',79),('AGS1660034','Uriel Rodrigo Muños Ortiz','M',NULL,'CBETIS 168','','449 903 0126','','img/fpo_avatar.png',416),('AGS1670119','RITA CAROLINA AVALOS SOTO','F',NULL,'ITA','','4493940885','','img/fpo_avatar.png',70),('AGS1770070','CAROLINA CHAMBON URQUIZA','F',NULL,'UAA','','4491889240','','img/fpo_avatar.png',70),('AGS1780061','ALAIN DURAN RAMIREZ','M',NULL,'UAA','','4492791402','','img/fpo_avatar.png',70),('AOB0220181','Abraham Lorenzo Resendiz','M','1995-03-14','ITAM ','galleforever@hotmail.com','5525029994','Adriano Brouwer 115 col. Alonso XIII Del. Alvaro Obregon ','fotos/aob0220181.png',141),('AOB1310051','PAOLA YOLOTZIN','F','2003-05-15','','','5534040625','','fotos/aob1310051.png',182),('AOB1630155','ROSA ALEYSHAY SALINAS ALVAREZ','F',NULL,'','','','','fotos/aob1630155.png',183),('bchd','David Seturino Moreno','F',NULL,'','','','','img/fpo_avatar.png',26),('BCN0910309','America Martínez Avalos','F',NULL,'','americamtz7@gmail.com','6182766330','Cerró del mercado 110A  colonia Guadalupe','fotos/bcn0910309.png',385),('BCN1410377','Andrea Mendoza','F','2007-01-17','','','','','img/fpo_avatar.png',36),('BJU0610317','ANA ELISA ESTEBAN MARBAN','F','1996-10-23','','','','','img/fpo_avatar.png',274),('BJU0620316','Luis Roberto Esteban Marban','M',NULL,'','','','','img/fpo_avatar.png',274),('BJU0810318','MONSERRAT FERNANDEZ LOPEZ','F','2001-09-06','','','','','img/fpo_avatar.png',153),('BJU0810351','ANA PAULA LOPEZ MONTERRUBIO','F','2001-11-01','','','','','img/fpo_avatar.png',153),('BJU1140112','ADAD GUILLERMO GORDOA ORTEGA','F','1999-04-30','CCH SUR','','5552742026','','img/fpo_avatar.png',407),('BJU1430325','EVA ALEJANDRA CHANG GOMEZ','F','2002-01-05','','','','','img/fpo_avatar.png',408),('CHS1140139','emmanuel Simental Lechuga','M','1999-10-15','COBACH10','','016142738875','Monte Celeste #11712','img/fpo_avatar.png',317),('CMP1320013','Jesús Edmundo Maldonado Ríos ','M','2005-03-20','','','','CALLE TEMPORAL LOTE 4 MANZANA H. Fracciorama 2000','fotos/cmp1320013.png',328),('CMP1510063','Kismet Aileen López Segura ','F','2005-01-02','Colegio Xail ','','9811047043','CALLE BOLONCHEN MZA 55 LT 25 ENTRE AKUMAL Y XCAMBO','fotos/cmp1510063.png',328),('CMP1540015','Héctor Miguel Uribe Tello','M','2003-02-25','Secundaria Federal 7','','','CALLE PEDRO MORENO #200','fotos/cmp1540015.png',328),('CMP1540092','Alain Saul Acosta Acosta','M','2003-10-25','Federal 7','','','CALLE 47 ESQUINA 1ERA PRIVADA DEL BOSQUE NUM 2','fotos/cmp1540092.png',328),('CMP1610021','Lol-Be Nuñez Blanco','F','2005-09-28','Primaria Miguel Hidalgo','','','CALLE CAMPECHE MANZANA 1 LOTE  5','fotos/cmp1610021.png',328),('CMP1610055','Mariana Paola Chin Requena','F','2005-07-25','Primaria Miguel Hidalgo','','','CALLE PASO DE LAS AGUILAS NO. 8','fotos/cmp1610055.png',328),('CMP1710022','Paulina Sarahi Osalde Sierra','F','2006-12-29','','','','calle 5 s/n Colonia Bellavista','img/fpo_avatar.png',328),('CMP1730020','Estela Candelaria Queb Chuc','F','2004-11-20','','','8114177','CALLE COSTA RICA #128 COLONIA SANTA ANA','img/fpo_avatar.png',328),('COA0910285','Ana Tiare Rodríguez Cruz','F',NULL,'x','x@x.com','','','img/fpo_avatar.png',369),('COH1234567','Victor Manuel Valdez Dueñez','M','2009-01-03','Lic. Benito Juarez','','8781240811','Aldama 1007 El Alto','fotos/coh1234567.png',398),('coy1290160','Roberto Carlos Sanchez Gutierrez','M','2002-08-30','UAM','sanchezdekkan@gmail.com','5516852528','MORELOS 55 bARRIO EL rOSARIO','img/fpo_avatar.png',323),('COY1310127','Nayelli Alejandra Tello López','F','2002-10-22','x','x@x.com','56410683','Felipe Neri 10, La cebada Xochimilco','img/fpo_avatar.png',369),('coy1430242','Andrea Montserrat Rodríguez Maldonado','F','2003-12-19','x','x@x.com','53364763','Pacifico 350 edif. b depto. 401','img/fpo_avatar.png',369),('COY1510183','Sofía Sanchéz Aviles','F',NULL,'','','','','img/fpo_avatar.png',369),('COY1540052','Erick David Godínez Martínez','M','2003-10-03','x','x@x.com','','','img/fpo_avatar.png',369),('dbcdh','Alondra Daniela Ruiz Giron','F',NULL,'','','','','img/fpo_avatar.png',26),('dgo','IVBET MONSERRAT NUÑEZ ZURITA','F','2003-07-02','','','','','fotos/dgo.png',18),('Dgo10','Ariadna Esmeralda Gamiz Lara ','F','1998-10-18','130','','','Cerrada del amanecer 164, fracc real del contry','fotos/dgo10.png',7),('DGO1010138','Carolina Álvarez Burciaga','F','2002-08-08','Colegio Valladolid','caolinaalvarez@outlook.com','8141356','Calle Aurora #140 Fracc. San Luis 1','fotos/dgo1010138.png',10),('DGO1020010','LUIS FRANCISCO OCON CABRAL ','M','2002-07-24','Colegio Montesori','','618-260-71-90','Campanilla #245 Fracc. Jardines de Durango ','fotos/dgo1020010.png',21),('DGO1020130','Marco Antonio Arellano Sanchez','M','0200-02-02','CBATIS 89','arelanio@hotmali.com','6181070139','Isauro venzor 1011 zona centro','fotos/dgo1020130.png',385),('DGO1020133','David Francisco Leyva López','M','2003-05-16','EST 61 1°','paco_leyvag28@hotmail.com','1851622','Campanilla #125 Fracc. Jardines de Durango','fotos/dgo1020133.png',3),('DGO1020168','Baruck Ricardo Quintana Rodríguez','M',NULL,'','','','','img/fpo_avatar.png',10),('Dgo11','Frida Regina Meraz lara','F','2000-03-21','Cbtis 130','','6181451414','Valle Brisas 101a, fracc Brisas diamante','fotos/dgo11.png',7),('DGO1110067','Alejandra Soto Moreno','F',NULL,'','','','Montes Verdes #116 Fracc. Monte Bello','fotos/dgo1110067.png',11),('DGO1110134','XITLALI PADILLA NIEVES ','F','2004-03-08','','','','','fotos/dgo1110134.png',23),('DGO1110168','Abigail Juárez Muñoz','M',NULL,'','','','','fotos/dgo1110168.png',11),('DGO1110200','Rosa Angélica Páez Escalera','F','2003-11-11','','','','','img/fpo_avatar.png',392),('DGO1120042','Emiliano Ruelas Vargas','M','2002-03-23','','','','','img/fpo_avatar.png',15),('DGO1120156','Hector Ivan Ochoa Martínez','M','2003-01-08','','','','','img/fpo_avatar.png',393),('DGO1120159','Gibran Cassiel Martinez Chávez','M','2002-11-28','Escuela Secundaria Técnica #57','','8118442','Calle Porras #721','fotos/dgo1120159.png',393),('DGO1140088','Luis Alfonso Soto Flores','M','1999-12-17','Promedac','luis72flores10@gmail.com','6181525238','Hacienda El Ojo 104 fracc. Haciendas','fotos/dgo1140088.png',385),('DGO12','Alexandra cavazos','F','1994-11-21','ITD','alexandracvz21@hotmail.com','6181637902','Acanto Fracc Jardines de Dgo #101','img/fpo_avatar.png',5),('DGO1220017','Jesus Emilio Tinoco Miranda','M','2004-04-30','Secundaria Benito Juarez','','1280227','Flor de Durazno 504 Col la Virgen CP 34040','img/fpo_avatar.png',392),('DGO1220125','Jorge Gael Rosas Huerta','M','2004-04-21','','','','República de Cuba #516 Col. Francisco Zarco','fotos/dgo1220125.png',10),('DGO1220197','VICTOR JULIAN SETURINO MORENO ','M','2005-01-31','','','','Anel Plaga Suave #293 Fracc. Canelas','fotos/dgo1220197.png',22),('Dgo1234567','Paul Francisco Gamiz Brito','M','2004-10-02','Colegio americano de durango','','8133636','Av cima granja mis iluciones 321 interior 3','img/fpo_avatar.png',392),('DGO1310009','Alondra Moreno Delgado','F',NULL,'','','','Fray Bernardino de Sagún #108 Fracc. Hacienda Fray Diego','fotos/dgo1310009.png',11),('DGO1320095','Edgar Haros Raigosa','M','2003-04-28','Colegio Valladolid','','2958512','Av. Nuevo Durango #436 Fracc Nuevo Durango','img/fpo_avatar.png',392),('DGO1320134','Diego Graciano Gonzalez','M','2006-08-22','Primaria Vicenta Saracho #18','','','Calle Julio Ibatra 214 Fracc. Domingo Arrieta','img/fpo_avatar.png',393),('DGO1330063','Estefany Martínez Villarreal','F','2000-06-17','CBTIS130','fanny.mtz17@hotmail.com','6181847796',' Violaste Luna 133 colonia El Refugio','fotos/dgo1330063.png',385),('DGO1340167','Abel Morales García','M','2002-04-19','','','','Fco. I Madero 604, Col. J. Gpe. Rodriguez','img/fpo_avatar.png',25),('DGO1410037','Carolina Stopani Rutiaga','F','2004-03-15','','','','','img/fpo_avatar.png',393),('DGO1410084','Debhany Loren González Silero','F',NULL,'','','','Calle Cuarzo 311 Fracc. Joyas del Valle','fotos/dgo1410084.png',9),('DGO1410195','María Camila Carrasco Ríos','F',NULL,'','','','Misión San Ignacio #214 Fracc. 3 Misiones','fotos/dgo1410195.png',11),('DGO1420176','Carlo Axel Sosa Sanchez','M','2004-09-12','Esima','','8171920','Regato 224A nte Zona Centro CP 34000','img/fpo_avatar.png',392),('DGO1430076','Jovanna Alejandra González Pérez','F','2003-02-20','EST. 61','','6182273796','Ave del Paraíso #150 Fracc. Jardines de Durango','fotos/dgo1430076.png',9),('DGO1440284','Luis Arieh Nava Soto','M',NULL,'','','','Jamaica #130 Fracc. Las Américas','fotos/dgo1440284.png',12),('DGO1520140','Juan Manuel Bermudez Hernandez','M','2005-11-26','Colegio Renilde Montessori','anahi_hero@gmail.com','2665925','Calle Rio Tamazula 404 col Diaz Ordaz','img/fpo_avatar.png',393),('DGO1520236','Daniel Atzin Nava Soto','M','2004-12-04','','','8183686','Jamaica #130 Fracc. Las Américas','fotos/dgo1520236.png',10),('DGO1520253','Ramiro Adrian Hernandez De León ','M','2004-12-27','','','','','img/fpo_avatar.png',392),('DGO1530038','Vanessa Michelle Hernandez Nevarez','F','2003-07-07','Colegio Inglés de Durango','nepy250@hotmail.com','1581777','Calle Crisantemo #238 Jardines de Durango CP34200','fotos/dgo1530038.png',392),('DGO1540183','Kevin Alberto Fernández Rocha','M',NULL,'2001-07-18','rakzor.prototype@gmail.com','6182139716','Adolfo López Mateos 607 col Ecuador','fotos/dgo1540183.png',385),('DGO1610075','KARLA ALEJANDRA SERRATO PEREA ','F','2005-09-25','','','618-266-3998','','fotos/dgo1610075.png',22),('DGO1610076','CLAUDIA MATILDA CEPEDA SERRATO ','F','2005-11-20','','','','','fotos/dgo1610076.png',22),('DGO1610133','MINERVA ALEJANDRA MENDEZ CORONADO ','F',NULL,'','','','','fotos/dgo1610133.png',18),('DGO1610134','MELISSA ANELIS MENDEZ CORONADO ','F','2005-10-01','','','','','fotos/dgo1610134.png',18),('DGO1620047','Pedro Alberto Huerta Hernández','M','2004-07-05','Cima','','6181872423','Arturo gamiz #110 Col. La piedrera','fotos/dgo1620047.png',10),('DGO1620058','Alexis Mijares Martínez','M',NULL,'','','','','fotos/dgo1620058.png',3),('DGO1630046','ANDREA MIJARES FERNANDEZ','F','2002-02-27','','','','','img/fpo_avatar.png',409),('DGO1630077','EMILY ADRIANA GUERECA CHAVEZ ','F','2003-08-13','SECUNDARIA ECIMA','','618-145-51-06','','fotos/dgo1630077.png',22),('DGO1630085','ALONDRA JIMENA RODRIGUEZ ','F','2003-07-19','SECUNDARIA LIC. BENITO JUAREZ','','618-275-9580','','fotos/dgo1630085.png',18),('DGO1630132','MARLENE ABIGAIL MENDEZ CORONADO ','F','2002-01-17','','','','','fotos/dgo1630132.png',22),('DGO1630137','PAOLA GIOVANNA MORALES ESPINO  ','F','2003-01-11','SECUNDARIA LIC. BENITO JUAREZ','','618-154-3004','','fotos/dgo1630137.png',18),('DGO1630140','America Atenea Montaño Cordero','F','2002-09-17','SECUENDARIA ETS NO. 67','','618-100-3667','','fotos/dgo1630140.png',18),('DGO1630159','JULISSA JAMILETH FREYRE DOZAL ','F','2004-02-25','','','','','fotos/dgo1630159.png',18),('DGO1630160','DIANA PAOLA ESPINOZA SOTO ','F','2003-07-12','SECUNDARIA EST NO 73','','','','fotos/dgo1630160.png',18),('DGO1630253','Mariana Ailin Rocha Calvo','F','2004-07-05','Promedac','mariana.a.rocha.c@gmail.com','1347899','Calle Diamante #301 Fracc Joyas del Valle CP  34237','fotos/dgo1630253.png',393),('DGO1640057','Luis André Meraz Lara','M',NULL,'','','','Brisa #100-A Fracc. Brisas diamante','fotos/dgo1640057.png',12),('DGO1640089','ABRAHAM ALEJANDRO DE LA HOYA ANGELES ','M','2003-09-23','','','','','fotos/dgo1640089.png',21),('DGO1640108','DIEGO ANTONIO VILLARREAL DE LA PARRA','M','2005-02-18','','','','','img/fpo_avatar.png',409),('DGO1720042','Diego Lopez Delgado','M',NULL,'','','','','img/fpo_avatar.png',3),('Dgo1740062','Joshua Ismael Ruiz barrientos','M','2004-04-19','Promedac','','','Prof. Guadalupe g de Rodríguez 119 col cienega cp 34090','img/fpo_avatar.png',393),('GT11240339','Axell Fernando Rico Rico','M','2000-10-28','Vocacional','','','Carranza','fotos/gt11240339.png',350),('Hgo0760225','Álvaro Moreno','M','2000-08-24','Universidad humanista','','','','img/fpo_avatar.png',156),('iza0630368','Yesenia Jusset Hernandez Martinez','F','1999-10-13','prepa abierta','','','pinitos holis no 4','img/fpo_avatar.png',336),('jdhicybshj','Angel Uriel Rodriguez Torres','M',NULL,'','','','','img/fpo_avatar.png',26),('LAG1390218','Román Gutiérrez Diosdado','M','1973-09-08','Cebatis 4','gutierrezroman30@yahoo.com','8712216260','Jimenez 166 sur','img/fpo_avatar.png',173),('MGO160008','Alan Arturo Pedraza Luna','M','2008-04-11','Primaria','alanbanano@gmail.com','55612224','Azcapotzalco La Villa 260','img/fpo_avatar.png',135),('MIC0920052','Angel Daniel Lopez Damian','M','2002-01-31','','','','','img/fpo_avatar.png',241),('MIC0920490','Jorge Artemio Guerrero Vizcaino','M',NULL,'','','','','img/fpo_avatar.png',241),('MIC1020222','Juan Pablo Rosas Lopez','M','2003-03-18','','','','','img/fpo_avatar.png',240),('MIC1120386','Harold Garibay Gonzalez','M',NULL,'','','','','img/fpo_avatar.png',242),('MIC1220209','Yahir Alexis Magallon Lopez','M','2003-05-23','','','','','img/fpo_avatar.png',242),('MIC1320288','Elias Aaron Garibay Paz','M','2005-12-09','','','','','img/fpo_avatar.png',240),('MIC1540107','Gael Bailon Gomez','M',NULL,'','','','','img/fpo_avatar.png',240),('MIC1540232','Diego Espinoza Casillas','M','2002-06-11','Don vasco','','','','img/fpo_avatar.png',241),('MIC1610165','Fatima Aguilar Maldonado','F',NULL,'','','','','img/fpo_avatar.png',242),('MIC1610172','Alondra Vallejo Paredes','F','2004-09-14','','','','','img/fpo_avatar.png',240),('MIC1630115','Getzabel Anahata Urbina Garcia','F','2004-03-01','','','','','img/fpo_avatar.png',240),('MIC1630168','Aleida Anahi Bustos Ruiz','F',NULL,'','','','','img/fpo_avatar.png',242),('MIC1640117','Max Kenneth','M','2004-10-09','','','','','img/fpo_avatar.png',240),('MIC1640169','Christhopher Vallejo Paredes','M',NULL,'','','','','img/fpo_avatar.png',241),('nay1400567','oscar ','M',NULL,'','','','','img/fpo_avatar.png',255),('NLN1240405','MARCO LOUDOVIC HERNÁNDEZ PARTIDA','M',NULL,'OSE','malhdz@gmail.com','15203215','','img/fpo_avatar.png',306),('TXT','Mildred ','F','1996-08-31','UNAM','','','','img/fpo_avatar.png',49),('VCA0310341','MARTHA KENDRA RODRIGUEZ ESPINOSA','F','1995-12-27','UAM CAMPUS CHIMALHUACAN','marthakendra@hotmail.com','5534535745','SICOMOROS 100, COL. LA PERLA, NETZAHUALCOYOTL, ESTADO DE MEXICO','img/fpo_avatar.png',274),('VCA1590039','Javier Israel Maravillas Maravillas','M',NULL,'','','','','img/fpo_avatar.png',274),('VCA1680014','Hector Alexis Lomeli Quintero','M',NULL,'','','','','img/fpo_avatar.png',274),('xbbnd','Jethro Israel Nava Hernandez','F',NULL,'','','','','img/fpo_avatar.png',26),('Xxxxxxxxxxx','Naomy gissel Raz pasos','F',NULL,'','','','','img/fpo_avatar.png',37);
/*!40000 ALTER TABLE `scouts` ENABLE KEYS */;
UNLOCK TABLES;

--
-- Table structure for table `users`
--

DROP TABLE IF EXISTS `users`;
/*!40101 SET @saved_cs_client     = @@character_set_client */;
/*!40101 SET character_set_client = utf8 */;
CREATE TABLE `users` (
  `id` int(11) NOT NULL AUTO_INCREMENT,
  `username` varchar(255) COLLATE utf8_unicode_ci NOT NULL,
  `email` varchar(255) COLLATE utf8_unicode_ci NOT NULL,
  `provincia` varchar(100) COLLATE utf8_unicode_ci NOT NULL,
  `grupo` varchar(100) COLLATE utf8_unicode_ci NOT NULL,
  `seccion` varchar(30) COLLATE utf8_unicode_ci NOT NULL,
  PRIMARY KEY (`id`),
  UNIQUE KEY `username` (`username`) USING BTREE,
  UNIQUE KEY `email` (`email`) USING BTREE
) ENGINE=InnoDB AUTO_INCREMENT=393 DEFAULT CHARSET=utf8 COLLATE=utf8_unicode_ci;
/*!40101 SET character_set_client = @saved_cs_client */;

--
-- Dumping data for table `users`
--

LOCK TABLES `users` WRITE;
/*!40000 ALTER TABLE `users` DISABLE KEYS */;
INSERT INTO `users` VALUES (4,'Mauricio Nthings Martinez Pacheco','n_othing@hotmail.com','Durango','4','tropa'),(5,'Yamile Garduño','yamile_pandatika@hotmail.com','Durango','4','manada'),(7,'Alexandra Cavazos','alexandracvz21@hotmail.com','Durango','4','clan'),(8,'Guillermo Ayala Almonte','ayala_20@hotmail.com','Durango ','4','manada'),(9,'Mike García','clan.rover.durango@hotmail.com','Durango','4','clan'),(11,'Metztli Lara','larametztli@hotmail.com','Durango','4','comunidad'),(12,'Sergio Almonte','salmonte5555@hotmail.com','Durango','4','manada'),(14,'Gina Lopez','more_5.11@hotmail.com','Durango','6','tropa'),(15,'Tropa GrupoOnce','tropagrupo11@hotmail.com','Durango','11','tropa'),(17,'Jael de la Torre','rasdgo.pf_jael@live.com.mx','DURANGO','8 TATEWARI','tropa'),(18,'Martha Priscila Luna Galvan','mart_tila@hotmail.com','DURANGO','4','comunidad'),(19,'Francisco Javier Ocón Alvarado','francisco.ocon@hotmail.com','Durango ','8','clan'),(20,'Mike Ninahualpa','mike.ninahualpa@gmail.com','Durango','1','clan'),(21,'Brenda López Velázquez','brenda.lopez.g6@gmail.com','Nacional','0','comunidad'),(22,'Ruth Ruthy Moreno','espaguety_azul@hotmail.com','Durango','8 tatewari','manada'),(23,'Sarahi Salazara','ssalazar1692@gmail.com','Durango','8','manada'),(24,'Poetiza De la Selva','nayelasev@gmail.com','Morelos','3 Coatlicue','manada'),(25,'Marco Adrian Delgado Velazquez','devel_81@hotmail.com','Durango','8','manada'),(26,'Alejandra Gomez','alemex2000@hotmail.com','Baja California norte ','21 vinac','tropa'),(27,'Manzanita Dc','manzanitadc@hotmail.com','Baja california','21','manada'),(28,'Yola Arreola','yarreolah@hotmail.com','Benito Juárez ','6','manada'),(29,'Jose Armando Mis Montero','ultimatehero_1594@hotmail.com','Yucatán','16','tropa'),(30,'Fermin Castillo Castro','fermin.castillo321@gmail.com','Yucatan','1','tropa'),(31,'Luis Torres Mora','lutomo86@hotmail.com','Veracruz','1','clan'),(32,'Deeniis Garciia','rebelde_denis44@hotmail.com','Zacatecas ','2 \"Llama encendida\" ','clan'),(33,'Wilber Ordorica','wilber_1313@hotmail.com','Colima','1','tropa'),(34,'Javier Hernandez','jaheme@hotmail.com','Baja California','8','tropa'),(35,'Eduardo MF','lalomf11@hotmail.com','Sianaloa','3','tropa'),(36,'Manada Rukh','manadaliiirukh@gmail.com','Tláhuac Xochimilco ','53','manada'),(37,'Frida Esquivel Mejía','fridaesmejia@gmail.com','Coyoacan','67','clan'),(38,'Mary Catharine Martinez','scouterkaty9@hotmail.com','Gustavo A. Madero','9','clan'),(39,'Paola Ivanovic','payola_55@hotmail.com','Durango','3','tropa'),(40,'\'Aranza Perea','fashion_princezzs@hotmail.com','Durango','1, De La Salle','comunidad'),(41,'Miriam Mariana De la Gongora','miry_cituk@yahoo.com.mx','Coyoacan','67','manada'),(42,'John G. Dunbar','jgdunbar1@gmail.com','Nacional','Xx','clan'),(43,'Mily Serrano','miyise@hotmail.com','Tlaxcala ','8','clan'),(44,'Jessika Nevarez','itzury_24@hotmail.com','Durango ','2','comunidad'),(45,'Rozzy G. Urbina Zaz','ur.zorzano@gmail.com','Álvaro Obregón ','6 ','tropa'),(46,'María Soria Piña','kosharia_divino@hotmail.com','Guanajuato II','Dolores Hidalgo','tropa'),(47,'Yitzen Andrea Lz','yiithzz.92@gmail.com','Tlaxcala ','4','tropa'),(48,'Veronica Muñoz','roni2812@hotmail.com','GAM','3','comunidad'),(49,'Eric Santos','fast_eric@hotmail.com','BJ','479','tropa'),(50,'Fer Reyesm','rinosfer@hotmail.com','Miguel Hidalgo','50','comunidad'),(51,'Luly Batiz','lulybatiz@hotmail.com','Sonora','22','tropa'),(52,'Nelly Torres Pérez Artista Plastico','kantu0614@outlook.com','Nuevo León','Paxtu','manada'),(53,'Isabel Arizpe','isa_cinti@hotmail.com','Nuevo León ','19','clan'),(54,'Daniel Ochoa','danochoat@hotmail.com','Nuevo León','19','tropa'),(55,'Fernanda Contreras','fernanda_tana_15@hotmail.com','Aguascalientes','22','manada'),(56,'Eleonora Garcia','nini_garcia@live.com.mx','Jalisco','7','tropa'),(57,'Karen Lab','nerak_estre@hotmail.com','Naucalpan','8','clan'),(58,'Elvia Veronica Sanchez Ornelas','el_v_esa00@hotmail.com','San Luis Potosí','5','comunidad'),(59,'Ammii Ruvalcaba','harumi_gusi@hotmail.com','Aguascalientes','7','manada'),(61,'Angel Terrones','','Aguascalientes ','15','manada'),(62,'Antonio C Rdry','antonisaid@hotmail.com','Aguascalientes ','25','clan'),(63,'Paula Rojas','paulamgrojas@hotmail.com','','Cuauhtémoc','clan'),(64,'Alejandra Perez R','rodper.ale78@gmail.com','Aguascalientes','15','tropa'),(65,'Abi Ru','abyole23247@gmail.com','Iztacalco','3','manada'),(66,'Akelarlette Berrelleza','arlettebojeda@hotmail.com','Baja california','15','manada'),(67,'Elizabeth Delgado Noriega','paoliz77@hotmail.com','Guanajuato 2','8','manada'),(68,'Roberto Juárez Vázquez','rjuarez@informaticayredes.com.mx','Cuauhtémoc','31','clan'),(69,'Marco Bueno','marcovish2@hotmail.com','Durango','1','comunidad'),(70,'Mary Macareno','azuzan@gmail.com','Durango','11','manada'),(71,'Jime de Valle','jime.de.valle@gmail.com','Alvaro obregon','51','tropa'),(72,'Maria de Luna','mery11an@hotmail.com','Aguascalientes','15','tropa'),(73,'Uziel Ivan Martinez','zulyvandan@hotmail.com','Iztacalco','3','tropa'),(74,'Claudio Montaño','reimontano@hotmail.com','Puebla','22','comunidad'),(75,'Victor Rafael Pinelo Sabido','vpinelo@gmail.com','YUCATAN','4','manada'),(76,'Ham Sandoval','aztrykyz_192@hotmail.com','tln','40','tropa'),(77,'Luis Gonzalez','zelaznog60@gmail.com','VERACRUZ','10','clan'),(78,'Ozzkar Kontreraz','ozkapp@hotmail.com','Toluca','7','tropa'),(79,'Christian Oliver Sánchez','fangorn_treebeard@msn.com','Hidalgo','7 Pachucs','clan'),(80,'Rikki Tikki Tavi Victor López','vmanulm10@yahoo.es','Gustavo A. Madero','3','manada'),(81,'Ferchu Arellano','rabitta3313@hotmail.com','','','manada'),(82,'Edgar Bernal','maxsayra1@hotmail.com','Tas','13','tropa'),(83,'Ibsen Llanos S','ibsen76@hotmail.com','Tamaulipas sur','900','tropa'),(84,'Yeni Reyes Escobedo','yenireey@hotmail.com','Zacatecas','11 coyotes','manada'),(85,'Francisco Javier Reyes Garcia','paco_reyesg@hotmail.com','Veracruz','9 Veracruz','comunidad'),(86,'Natalia Garza','ailatan96@gmail.com','Benito Juárez','8','manada'),(87,'Cookies Quequis','cookies_quequis2015@hotmail.com','Aguascalientes','9','manada'),(88,'Fernanda del Moral','aremayi@hotmail.com','Toluca','4','tropa'),(89,'Mafeer Santiago','maffhatsune@hotmail.com','Venustiano Carranza','238','comunidad'),(90,'Terita Terita','teresaki.peralta@hotmail.com','BJ','31','manada'),(91,'Ximena Cabrera','mesofa2016@gmail.com','aguascalientes','dirigentes','clan'),(92,'Mónica Díaz','aguatl@yahoo.com.mx','VCA','312','comunidad'),(93,'Karin Ruis','karinruiz7@gmail.com','Iztapalapa ','1 ','manada'),(94,'MRicardo VJ','elverricardo@hotmail.com','Tlalnepantla ','14','clan'),(95,'Israel Velazquez','israel_wite@hotmail.com','Tlalnepantla','106','clan'),(96,'Alejandro Montana','amontanad@hotmail.com','Yucatan ','5','manada'),(97,'Jonathan Sb','jonathanjumper16@gmail.com','Naucalpan','8','clan'),(98,'Adad Inari García Lira','eutopia67@hotmail.com','Zacatecas','Grupo 1 \"Real de Minas\"','manada'),(99,'Saddy López','rocio.lmora@gmail.com','Jalisco','14','comunidad'),(100,'Jorge Moranchel','lancelottdf22@hotmail.com','Valle noreste','13 AVALON','clan'),(101,'Eduardo Del River','eddy_6_2@hotmail.com','Naucalpan ','7','tropa'),(102,'Karen Rojas','rosa_pink30@hotmail.com','Azcapotzalco','1','tropa'),(103,'Ignacio Molina','ign_mol@hotmail.com','Colima','3','comunidad'),(104,'Jackie Sotelo','yukito_joel@hotmail.com','GAM','60','tropa'),(105,'Hugo Fdez S','scapolo11@hotmail.com','Cut','322','tropa'),(106,'Angeles Chaarles','marigel_chp@hotmail.com','Tamaulipas sur','13 mante','manada'),(107,'César Contreras','cesarin.cv@hotmail.com','Aguascalientes','22','clan'),(108,'Isidro Roberto Toca Sánchez','robtoca@hotmail.com','Coyoacán','2','clan'),(109,'Miguel Mccormick','miguelmccormick@pitayamultimedia.com','Jalisco','Xiv','tropa'),(110,'Susana Pacheco M.','susipacheco@hotmail.com','Jalisco','XIV','tropa'),(111,'Rubén García','rubengm_df@yahoo.com.mx','Cuautitlán ','322','manada'),(112,'Sebastián Gómez','seb250613_kim@hotmail.com','','','manada'),(113,'Adrianiwiz Shaak Ti','adriana_prinsess26@hotmail.com','Cuautitlán ','830','clan'),(114,'Jorge Ricardo Cañas Ramos','dark_angel_54080@hotmail.com','Cuautitlan','1','clan'),(115,'Abigail Baltazar','abi.schlatter@gmail.com','','','comunidad'),(116,'Angel Diaz Mejia','angel_diaz_1@live.com','Colima','6','comunidad'),(117,'Gafe Lu','ballm_19@hotmail.com','Querétaro','8 carretas','tropa'),(118,'XaVi López','xaviloes@hotmail.com','Cuauhtemoc','320','comunidad'),(119,'Ariadnaliz Holos','ariadnalizbeth@hotmail.com','Manzanillo','11','tropa'),(120,'Jackie Lupian','jacqueline_lupian@hotmail.com','GAM','Grupo 1','tropa'),(121,'Alex Rivera','alex100scout@hotmail.com','GAM','156','tropa'),(122,'Janeth Felix','janeth_orlando_100@outlook.com','Tamaulipas ','7','tropa'),(123,'Alan Pedrito','alanbanano@gmail.com','Miguel Hidalgo','219','manada'),(124,'Yrus Ortegags','scerdao@live.com.mx','cuauhtemoc ','320','comunidad'),(125,'Miguel Mendivil','migeek10@hotmail.com','SONORA','14','comunidad'),(126,'Israel Lorenzo Reséndiz','israel_tiry@hotmail.com','Alvaro Obregon ','6','clan'),(127,'Pam Doval','pam_dt27@hotmail.com','Cuauhtémoc ','159 Mingarhikukua ','comunidad'),(128,'Gerardo Romero','porrouacemitafr@hotmail.com','Álvaro Obregón ','40','clan'),(129,'Neftali Brito Alcántara','neftali_brito@yahoo.com.mx','MIGUEL HIDALGO','50','manada'),(130,'Jonathan Monroy','botoriti@hotmail.com','Iztacalco','3','manada'),(131,'Franciisco Mndz','totolo_frank18@hotmail.com','San Luis Potosí ','7','manada'),(132,'Luis Alfredo Meza Barragan','luisamb63@hotmail.com','la laguna','provincia','manada'),(133,'Aram Cisneros','mexicano_yo_soy76@hotmail.com','Laguna','grupo 1 gomez palacio durango','manada'),(134,'Betty Castellanos','acastellanos2000@yahoo.com.mx','La Laguna','Gpo 1 Gomez Palacio','manada'),(135,'Manuel Mota Ortiz','manumota68@yahoo.com.mx','TABASCO','1 OLMECA','manada'),(136,'Jose Caballero Gosserez','tierramia1@gmail.com','Baja California sur','2 albatros','manada'),(137,'Lunita Moon','ivette122@hotmail.com','Iztacalco','3 Aguilas','manada'),(138,'Jessica López Dávila','jeesica.93@gmail.com','Nuevo León','37','comunidad'),(139,'Ada Karen Coronado Alvarez','adakarencoronado@hotmail.com','Durango','8 tatewari','comunidad'),(140,'Gaby Rdz Luna','drardz@aol.com','MGO','219 Yaxkin','tropa'),(141,'Diego Tellez','susto01@live.com','Iztacalco','241','clan'),(142,'Fati Rocha','borre-rocho@live.com','Michoacan','11','tropa'),(143,'Jonathan Herrera Zamorano','hzjonathan@outlook.com','Benito Juarez','33','comunidad'),(144,'Arturo Saucedo','arturosaucedoa@yahoo.com.mx','Chihuahua sur','1','tropa'),(145,'José Moreno','josescout@gmail.com','Hidalgo','4','comunidad'),(146,'Luis Moresb','mor_esb@hotmail.com','michoacan','29','tropa'),(147,'Maximo Decimo Meridio','black_hawk_delta_force@hotmail.com','Cuauhtémoc','193','comunidad'),(148,'Jesus Puertas Martinez','jpuertas@sistemascasa.com.mx','Azcapotzalco ','1','clan'),(149,'Elmer Grimaldo Soto','elmergrimaldo@hotmail.com','Chihuahua Norte ','29','comunidad'),(150,'Moreno J. Antonio','jamn1166@gmail.com','Hidalgo','4','tropa'),(151,'GisCritiky Zace','giselle_tigger_26@hotmail.com','Tabasco','3 Juchiman','tropa'),(152,'Hector Miguel Hernandez Turrubiates','hechertur@gmail.com','','','clan'),(153,'Mario Morales','marito.morales75@gmail.com','Yucatán ','3','clan'),(154,'Ireene Zamm','a_zu-l@hotmail.com','Jalisco','Grupo 2 Santiago de Ocotlan','tropa'),(155,'Carlos Macas','carlosmacas@gmail.com','miguel hidalgo','300','clan'),(156,'Alejandro Juárez Mena','alejano@hotmail.com','Iztacalco','3','tropa'),(157,'Maria Gabriela Flores Chavez','gaby_flores72@hotmail.com','Jalisco','Jalisco','comunidad'),(158,'Tacher Itzel','tachi_6@hotmail.com','Iztapalapa','7','comunidad'),(159,'L Liliana Lozano T','lilylozanotorres@gmail.com','La Laguna','3','clan'),(160,'Derk Derk','dark_derk@hotmail.com','puebla','provinvia','comunidad'),(161,'Lety Lechuga','lethyhernandez@gmail.com','Iztapalapa','10','manada'),(162,'Carlos Moisés Vivas Robertos','carlitosvivas@hotmail.com','yuc','2','manada'),(163,'Kike Salazar','hesa13@hotmail.com','Chiapas','Grupo 6','clan'),(164,'Osvaldo Rodriguez','valdo1909@yahoo.com','Nacional','Nacional','manada'),(165,'Uriel Flores','uriel.flores@gmail.com','Sonora ','21','manada'),(166,'Carmen Flores','carmenflore@hotmail.com','Álvaro Obregón ','99','tropa'),(167,'Mayeli Cortina','mayelicortina@yahoo.com.mx','Benito Juárez ','XV','manada'),(168,'Ileana Mariott','piruet_1@hotmail.com','Azcapotzalco','0','manada'),(169,'Donaji Velasquez','donna.vl@hotmail.com','Jalisco ','16 ','comunidad'),(170,'Eugenia Isabel Coria Rojas','isacoriar@gmail.com','','','manada'),(171,'Fernanda Belmonte','fernandabelmonte.psi@gmail.com','La Laguna','3','tropa'),(172,'Alkimia Lunar','milianerika1@hotmail.com','Michoacan ','19','manada'),(173,'Luis M. Balderas','luis.mba.501@gmail.com','Gustavo A. Madero','2','clan'),(174,'Dany Rush','danyrojas@outlook.com','Guanajuato 2','4','manada'),(175,'Atziri China Cadena','chinaatziri_cadena@hotmail.com','Toluca','9','tropa'),(176,'Alejandro Insausti Mayo','cuchogigi@hotmail.com','Tabasco','Uno','tropa'),(177,'Javier Arguelles','javier-arguelles@hotmail.com','Veracruz','Grupo 9 LA SALLE','tropa'),(178,'Isabel Rodriguez','isabrc@prodigy.net.mx','Veracruz ','Uno','comunidad'),(179,'Gregorio Garcia Estrada','garcia.estrada.gregorio@gmail.com','Toluca','25 Nova Vento','manada'),(180,'Edgar González','edgar_clankukulkan10@hotmail.com','Jalisco','42','tropa'),(181,'Luis Fernando Yañez Durán','chavoluis_007@hotmail.com','Querétaro','8','comunidad'),(182,'Cristian Larios','draco4ee@gmail.com','Puebla','11','comunidad'),(183,'Franco Vero','verofrancog@hotmail.com','Chalco-ixtapaluca','Popocatepetl','tropa'),(184,'Roberto De La Peña','robert_mara1521@hotmail.com','Tabasco','3 Juchiman','tropa'),(185,'Yareli Riquetti','yareli_rb@hotmail.com','','','manada'),(186,'Jaavii Stark','dx_javier@hotmail.com','Valle noreste','1','tropa'),(187,'Karla Ramirez','karyazmin@hotmail.com','Tlalpan','3','tropa'),(188,'Kela Chapa','raquelchapa18@gmail.com','Coyoacán ','179','tropa'),(189,'Ivonne Rios','ivonnerios007@hotmail.com','Guanajuato 2','4','comunidad'),(190,'Eduardo Castillo Mac Naught','cstll95@gmail.com','Veracruz ','4 Orizaba ','comunidad'),(191,'Hector Floyd','tonito_hipye@live.com.mx','Cuautitlán ','147 ','clan'),(192,'Gaby Escobedo','gaby.aries17@gmail.com','Toluca','10','comunidad'),(193,'Enrique Antonio Dvlz','kryptonianinthedark@hotmail.com','Iztapalapa','13','tropa'),(194,'Luna Geovana Roldan','geovana_chikita@hotmail.com','Benito Juárez','18','tropa'),(195,'Yesenia Gómez','xeniaem7@gmail.com','Cuauhtémoc','43','clan'),(196,'Adrian Ortiz','amgono20@gmail.com','Toluca ','11','tropa'),(197,'Alex Ortega','ale_13_ram@hotmail.com','Querétaro ','17','manada'),(198,'Luis Enrique Mercado Lozano','grillo_333@hotmail.com','cuauhtemoc','320','clan'),(199,'Armando Morales','tamintl.mexico@gmail.com','veracruz','grupo 4','clan'),(200,'Caro Flores','caro_89_allison@hotmail.com','Tlahuac- xochimilco','89','comunidad'),(201,'Bere Suárez','bere.suarez.86@gmail.com','Michoacán ','1 Morelia ','tropa'),(202,'Alfredo Vizuet','alfredovm_91@hotmail.com','Cuautitlan','332','comunidad'),(203,'Jorge A Valladares M','inquisidor_890@hotmail.com','Michoacán ','32','tropa'),(204,'Eugenia Gómez','meugeniagomez@yahoo.com.mx','GAM','9','comunidad'),(205,'Felix Said','said_tamal_scout@hotmail.com','Tlalnepantla','14','manada'),(206,'Andrea Lorena Fuentes Islas','judolore@hotmail.com','Hidalgo','9','tropa'),(207,'Nelson Valencia','explorer0005@hotmail.com','Gustavo A Madero ','156','comunidad'),(208,'Castellanos Rodríguez','hannyacastellanos@hotmail.com','Yucatán','18 \"Los Camiantes\"','comunidad'),(209,'Ernesto Gonzalez Morales','ernestogonzalezmorales@hotmail.com','coyoacan','18 tir na nog','manada'),(210,'Gerardo Gonzalez Espinosa','gerrygonzo_16@hotmail.com','Cuauhtemoc','20','manada'),(211,'Messua Tito','vianey_navarro@hotmail.com','Guerrero','1','manada'),(212,'Ivan Marin','marin.ivan92@gmail.com','tijuana ','7','tropa'),(213,'Mario Alberto Blancarte Siqueiros','blancarte20@hotmail.com','Durango','7','clan'),(214,'Carlos Enrique Yah','charly-tobi@hotmail.com','Yucatán ','6','clan'),(215,'Ivan Quintero Calderón','ivanquinteroc@hotmail.com','Hidalgo','9','clan'),(216,'Héctor Raúl Campos','h_c_v@hotmail.com','Michoacán ','19','tropa'),(217,'Dalia Patlan','dalia_patlan@yahoo.com.mx','Cuautitlan','1 Canhel Etznab','clan'),(218,'Jerry Gonzalez','gerardoglz@msn.com','La Laguna','4 Ote','manada'),(219,'Cheko Vega','checo80@hotmail.com','Venustiano Carranza','1 lobos','tropa'),(220,'Carlos Martinez','ch4rly1990@hotmail.com','Michoacan','2 Upn','tropa'),(221,'Oscar Guillermo Martinez','oscar_tareas_@hotmail.com','Coahuila ','2','clan'),(222,'Luis Felipe Suárez Moreno','lsuarez18@hotmail.com','Yucatan','4','clan'),(223,'Rafa Carbajal','rcodex@yahoo.com','Queretaro','999','clan'),(224,'Cesar Cardenas','blaky_jr2@hotmail.com','Quintana Roo','4 Pawahtun','comunidad'),(225,'Isa Villacorta','chisparamos@hotmail.com','Naucalpan','7','comunidad'),(226,'Ileana Nash Ortínez','ileana.ortinez320@gmail.com','Cuauhtémoc ','320','manada'),(227,'Claus Valladares','claus269@gmail.com','Coyoacán ','269','manada'),(228,'Manuel Licea','mlicea2009@live.com.mx','Querétaro','5','manada'),(229,'MCarmen NT','mcnt75@gmail.com','Nayarit','1 Tepic','clan'),(230,'Edgar Jesús','edgarjamtz@gmail.com','Nayarit','1','comunidad'),(231,'Elideth Valdez','abraxia84@hotmail.es','Morelos','Cuernavaca 3','tropa'),(232,'Ramon Cantu','ramonc@intercable.net','Nuevo Leon','10','clan'),(233,'Ricardo Arturo','riarrual@gmail.com','oaxaca','350','tropa'),(234,'Zeida Oyuki Quiroz','zeidaoyuki@hotmail.com','Zacatecas','Cantera y Plata','tropa'),(235,'Eddy Vi','eduardovillarreal@hotmail.com','QUERÉTARO','24 hermamo gris','clan'),(236,'Karina Martinez','cp_karinamc@hotmail.com','Puebla','17','comunidad'),(237,'Getsemani Ronnin','jghr92@hotmail.com','cuauhtemoc','82','tropa'),(238,'Erandi Yazmín Ríos','erii.yazmin@hotmail.com','Iztapalapa','207','clan'),(239,'Fernanda Salinas','fersaal_12@hotmail.com','Chiapas','1 Na-balam','clan'),(240,'Eduardo Gutierrez','aguijonalacran@hotmail.com','Chiapas ','1','manada'),(241,'Juan Bernardo Sanchez Alvarez','blackbernsan@live.com.mx','Puebla ','9','clan'),(242,'Eleana Vucetich','eleanavucetich@gmail.com','Coyoacan','269','clan'),(243,'Juan Manuel Delgado','j_manueldelgado@hotmail.com','Quintana Roo','1','clan'),(244,'Zael Bocanegra','yesod456@hotmail.com','Miguel Hidalgo ','300','comunidad'),(245,'Ángel RA','mc.angelra@gmail.com','Durango','2','manada'),(246,'Leticia Noemi Gonzalez Montes','lety_sucsaltillo@hotmail.com','Coahuila','2','clan'),(247,'Ana Utrera','any_0110@hotmail.com','veracruz norte','9','tropa'),(248,'Mario Arenas Solórzano','marioaas@prodigy.net.mx','Hidalgo','5','clan'),(249,'Felipe Rodriguez C','draco0237@hotmail.com','Benito Juárez ','237 J.G.T ','tropa'),(250,'Juan Antonio Bernal','antonio.bernal1801@gmail.com','VENUSTIANO CARRANZA','47 AMERICA','clan'),(251,'Jorge Vazquez','jmaas47@hotmail.com','vca','47','manada'),(252,'Oscar Salazar Morales','karin5834@hotmail.com','La Laguna','9','tropa'),(253,'Daniel Nava','mebarak@gmail.com','VCA','47','tropa'),(254,'Jorge David Fernandez','baloo33@live.com.mx','BENITO  JUAREZ','33','clan'),(255,'Ale Islas','aleisba135@gmail.com','cuauhtemoc','320','comunidad'),(256,'Navegantes Ramon Ricardo Lor','navegantes-1@hotmail.com','Benito juarez','8','clan'),(257,'EsCa KAdriana','aka_esca@hotmail.com','Hidalgo','1 Ixmiquilpan','comunidad'),(258,'Ines Hernandez','gesain02@hotmail.com','AOB','49','manada'),(259,'Emilio Gonzalez Aviña','emilioandre99@hotmail.com','GUANAJUATO 2','IRAPUATO 2','comunidad'),(260,'Luis Fernando','dr_velezr@hotmail.com','Veracruz','10 kawasa xana xanath','manada'),(261,'Ian Schulte','hijo7736.0@hotmail.com','Colima','1','clan'),(262,'Jacky Quiñones Espinosa','jqespinosa@gmail.com','Yucatán ','2','clan'),(263,'Leslie Jay','ylsel_assiram@hotmail.com','valle noreste','1','clan'),(264,'Hugo Lopez','hcll71@live.com.mx','Jalisco','31 Tellocayani Montenegro','comunidad'),(265,'Zully Bonita','znavarrorios@gmail.com','Tlalpan','17','comunidad'),(266,'Karen Cabral','karenina_com@hotmail.com','Chs','7','manada'),(267,'Fabián Juárez-Martínez','fabian.juarez@gmail.com','Nuevo León','27 Monterrey','manada'),(268,'Enrique Vargas','aikonmx@gmail.com','Azcapotzalco ','81 Itzinecan ','clan'),(269,'Aida Diaz Lopez','palimosadl@hotmail.com','Bj ','318','clan'),(270,'Fabian Hernandez Reyes','f.hernandez.r@hotmail.com','Jalisco','31','tropa'),(271,'Dani Neria','dani_cr_97@hotmail.com','Naucalpan','87','comunidad'),(272,'Eric Islas Lira','eric.islas94@gmail.com','Naucalpan','87','tropa'),(273,'Luis González Milán','lgmilan@prodigy.net.mx','COLIMA','3','manada'),(274,'Joaquin Vega','dromiyess@hotmail.com','ALVARO OBREGON','282','manada'),(275,'Benjamín Sosa Acuña','benjakel@hotmail.com','TOLUCA ','PROVINCIA ','clan'),(276,'Nando Muñoz','pnnando@hotmail.com','Benito Juárez','165','tropa'),(277,'Ismael Gonzalez Contreras','trasplanterenal@hotmail.com','Baja California norte','8 de tijuana ','comunidad'),(278,'David Ochoa','davideochoa@gmail.com','Campeche','4','manada'),(279,'Jefe De Tropa Rolando','rolandoseguraherrera@gmail.com','Tijuana ','8','comunidad'),(280,'Walter Zetzsche','walterzj@gmail.com','NUEVO LEON','IV','tropa'),(281,'Luciano San','chaparro165_lu13@hotmail.com','bj','3','manada'),(282,'Beto Gonzalez','hglezmares@me.com','Nuevo leon','Grupo IV','manada'),(283,'Ross León','rozzl87@gmail.com','naucalpan ','87','tropa'),(284,'Paula Fuentes','paulapeque@hotmail.com','Baja California','25','tropa'),(285,'Araceli Salce de Saldivar','araceli.salce@hotmail.com','Nuevo León ','37 ','tropa'),(286,'Jesus Alexandro Simental Lechuga','alexsimental_159@yahoo.com.mx','Chihuahua Sur','20','comunidad'),(287,'Andres Nieto Gomez','anieto_gomez@hotmail.com','chihuahua sur','2','comunidad'),(288,'Orlando Arroyo García','orlo_p3@hotmail.com','Guanajuato 1','Tres khame ','clan'),(289,'Margarita Mancilla Medina','marfuremm@hotmail.com','Tlalnepantla ','192','comunidad'),(290,'Fercho Gonzalez','ferchoo67@live.com.mx','G.A.M.','96','tropa'),(291,'Gen Portugal','gen_76@hotmail.com','Veracruz','IV','tropa'),(292,'Akela Sanchez HG','sanchezdekkan@gmail.com','Coyoacan','18','manada'),(293,'Itzel Gisela Gonzalez Murillo','gisa93@live.com.mx','queretaro ','10 everest','tropa'),(294,'Ricardo Montoya','montoyamurga@hotmail.com','','','tropa'),(295,'Alejandro Salgado Correa','kerberos_scc@hotmail.com','Chiapas','07 Kitam Balam','comunidad'),(296,'Santiago Vankoph','kanelo_320@hotmail.com','cuauhtémoc','31','manada'),(297,'Ricardo Robles Prada','superricoboy@hotmail.com','Guanajuato II','Guanajuato 2','manada'),(298,'Baloo Ex Caminante','corazondescout@live.com.mx','Coahuila ','Provincia ','manada'),(299,'Angel Pérez Queb','angel_protector_17@hotmail.com','Campeche','10','tropa'),(300,'Juan Manuel Guzman Gutierrez','jmguzmang@hotmail.com','Iztacalco ','75','clan'),(301,'Mariana Noemi','mardarise@hotmail.com','GAM','103','manada'),(302,'Luis Manjarrez','lumajez123@hotmail.com','Hidalgo','9 novem ventus','manada'),(303,'Saidd Hernandez','yesday25@hotmail.com','Valle Noreste','10 coacalco','comunidad'),(304,'Oscar León','leho159@yahoo.com.mx','Cuauhtémoc','159','comunidad'),(305,'Maly Salgado','malisp106@hotmail.com','Iztapalapa','106','comunidad'),(306,'Hector Sanchez','dragonesi@hotmail.com','Toluca','4','comunidad'),(307,'Tania Nayelly Fernandez','tiernosita25@gmail.com','vallenoreste','360 aztlan','clan'),(308,'Mario Alberto González Madrid','mgonzalez_gap35@hotmail.com','Tlalnepantla ','Grupo 40 Electra','clan'),(309,'Carlos Melendez Gonzalez','c.melendezgl@gmail.com','Chihuahua Norte','Provincia','manada'),(310,'Litza Bello','litza_chiwas@hotmail.com','chihuahua sur','1','manada'),(311,'Poncho Baloo','ponchoscouts@gmail.com','Nuevo León','XIX','manada'),(312,'Paulina Torres','paulina.g.torres@hotmail.com','venustiano carranza ','','tropa'),(313,'Emmanuel Mo D','e-mod.furby@hotmail.com','Guanajuato 1','Grupo 1 \"Cinteotl\"','comunidad'),(314,'Roman Daniel','tuzo2432@hotmail.com','Provincia Hidalgo','Grupo 7 McLaren','clan'),(315,'Luis Martinez','luis.beatles@hotmail.com','Michoacàn ','4','tropa'),(316,'Rubí Santana','rubiprincesa12@hotmail.com','quintanaroo','4','clan'),(317,'Lalo Intriago','lalox9358@gmail.com','Durango','Grupo 2','tropa'),(318,'Victor Manuel','victor_19_95_18@hotmail.com','Tlaxcala ','Camaxtli ','clan'),(319,'Schez Pako','pakoschez@gmail.com','Toluca','14 Paxtu','manada'),(320,'Juan Carlos Zendejas Lopez','zzendejas@hotmail.com','hidalgo','5','clan'),(321,'Maga Cebada','maguibada14@hotmail.com','Veracruz','7 Crux','tropa'),(322,'Fercho Siliceo H','ffercho20@hotmail.com','Veracruz','11','comunidad'),(323,'Monica Vidal','monicapvidal@hotmail.com','Querétaro ','4','manada'),(324,'Beto Villafuerte','hvillafuerte@gmail.com','Tlalnepantla','10 Santa Cecilia','tropa'),(325,'Irma Bolaños','iebs76@hotmail.com','Gto','1 apatzeo','clan'),(326,'Fernanda Castillejos','maria.castillejos@hotmail.com','Miguel Hidalgo ','149','manada'),(327,'José Christian Villalobos Martínez','drjcvm@gmail.com','Benito Juárez ','318','comunidad'),(328,'Alexsandra Monsalvo Salgado','alexsams106@yahoo.com.mx','Iztapalapa','106','manada'),(329,'Clara Liz Huerta','arqueta@hotmail.com','Sonora','21','tropa'),(330,'Karla Ledesma','kledesma20@gmail.com','Cuautitlán','500','comunidad'),(331,'Gabriel Cejas','ingecejas@hotmail.com','Yucatán','5','manada'),(332,'Julio César Martínez Hernández','juliocesar.mh77@gmail.com','','','manada'),(333,'Luis Torres Treviño','luistorres.compv79@gmail.com','Jalisco','24','comunidad'),(334,'Antonio Asakura','twilightsol92_@hotmail.com','Benito Juárez','100','clan'),(335,'Jorge Cepeda Vigil','jorgecepedavigil@gmail.com','Chihuahua Sur','Grupo 2','tropa'),(336,'Victor Morales','vicalmoarles@gmail.com','','','manada'),(337,'Gian Carlo Santiago','alphasansa@outlook.com','Benito Juarez','77','comunidad'),(338,'Ivannov Vazkez','aviation.smart@gmail.com','','','comunidad'),(339,'David Flores Sanchez','davidflores68@gmail.com','Chihuahua Sur','G2','tropa'),(340,'Felipe Muñoz','felipe_munoz25@hotmail.com','Benito Juarez','200','comunidad'),(341,'Carlos Flores','cmanubes@hotmail.com','Benito Juárez ','3','comunidad'),(342,'Jorge Ortega Cornejo','cosa_azul@hotmail.com','gustavo a madero','96','comunidad'),(343,'Narciso Garcia Diaz','narciso-garciad@hotmail.com','Nayarit','7 tepi','manada'),(344,'Alejandro Amador Márquez','mecro_4@hotmail.com','Zacatecas ','Grupo 3 Zacatecas','comunidad'),(345,'Luis Felix','ruso.gym@hotmail.com','Zacatecas ','Provincia ','comunidad'),(346,'Iván Castro','gustavoivan.castro@hotmail.com','Chiapas','1','tropa'),(347,'Federico Sevilla','gabriela_federico@hotmail.com','Naucalpan','7','comunidad'),(348,'La Alienware M Oncex','rkdnthings@gmail.com','Durango','4','manada'),(349,'Elí Montoya','el_druidamx@hotmail.com','Nuevo León ','9','comunidad'),(350,'Jorge Francisco Chan Diaz','sentinel_of_liberty@hotmail.com','Yucatán','35','comunidad'),(351,'Lenin Díaz Gamboa','bass_lenin@hotmail.com','Coyoacan','269','tropa'),(352,'Alex Torres','aletorres13@hotmail.com','Baja California ','1 Amanecer','comunidad'),(353,'Gelly Lugo Garcia','gelly_luga.73@hotmail.com','Durango','2','manada'),(354,'Luis Enrique Espinosa Aldama','lespinosaa1899@hotmail.com','Durango ','5','manada'),(355,'Silvia Rangel','ratsg24@hotmail.com','Durango','2','tropa'),(356,'Rodolfo Moran','rodolfomoranfavela@telmexmail.com','Durango ','1','tropa'),(357,'Manuel Narváez','jnarvaez37@hotmail.com','Durango ','2','tropa'),(358,'Melissa Santos','chuky_chipotes@hotmail.com','Durango ','1','tropa'),(359,'PedRo Hm','ehektl_08@hotmail.com','Durango','8 Tatewari ','comunidad'),(360,'Rodrigo Alexander Anderson Rivera','ruyecouts1995@hotmail.com','Durango','5','tropa'),(361,'Dulce María Briones Jiménez','dm.briones@hotmail.com','','Durango','tropa'),(362,'Cesarin Rin Rin','fray_c_lider@live.com.mx','Durango ','8','tropa'),(363,'Citlalli Pavon','chocolathe42@hotmail.com','Durango','5','tropa'),(364,'Ruben Torres Ochoa','r_torres8a@hotmail.com','Durango','2','comunidad'),(365,'Lorenzo Gomez','logobo@hotmail.com','durango','2','comunidad'),(366,'Tete Raudry','ashcut@hotmail.com','Aguascalientes ','25 Ave Fénix ','comunidad'),(367,'Lorena Pérez Sánchez','raksha06sonrie@hotmail.com','Coahuila ','1 Saltillo','comunidad'),(368,'Francisco Cisneros','fcocisva71@yahoo.com','Durango','5','comunidad'),(369,'Vio Bañuelos Cor','keroppi_tita@hotmail.com','Zacatecas','1 ZACATECAS ','tropa'),(370,'Jose Alfredo Jimenez Quevedo','russo1978@hotmail.es','Veracruz','12 Gilwell ','comunidad'),(371,'Luis Enrique Contreras Tinoco','carlmo55@hotmail.com','Durango','Siete','tropa'),(372,'Perla Shally','shally_moon_29092006@hotmail.com','Cuauhtémoc','159','clan'),(373,'Juan Francisco Amaya Seturino','frank_amaya@hotmail.com','Durango','3','manada'),(374,'Melisa Carreón','mely_krazy@hotmail.com','Coahuila','4','tropa'),(375,'Norma Escobedo','naem66@live.com.mx','Coahuila','4','tropa'),(376,'Mireya Dueñez','mimita_2801@hotmail.com','coahuila norte','seminoles G1','manada'),(377,'Sergio Gomez Mijares','vicomdgo@hotmail.com','Durango','Dos','tropa'),(378,'Rogelio De Hoyos','rdehoyos@hotmail.com','Nuevo León','19','clan'),(379,'Mauricio Julian Martinez Gomez','homeblinds@hotmail.com','Durango','4','tropa'),(380,'Lorena Mejía','loo24ss@live.com','Naucalpan','88','manada'),(381,'Alma Gloria Martinez Velazquez','almam73@gmail.com','Baja california','15','tropa'),(382,'Alberto Gonzalez','geeks.net@hotmail.com','Tamaulipas norte','10','tropa'),(383,'Efrain Lopez','lopez.c.e28@gmail.com','Aguascalientes ','9 Paxtu','comunidad'),(384,'Tony Prz','granpa_911@hotmail.com','aguascalientes','9','manada'),(385,'Leticia Bravo','lbravo62@yahoo.com.mx','Aguascalientes','10','manada'),(386,'Rolando Muñoz','rolando.munoz.1998@gmail.com','Aguascalientes','9','clan'),(387,'Beatriz Margarita Pacheco Rodriguez','margarita_homeblinds@hotmail.com','Durango','4','tropa'),(388,'Anne-Marie Vila-Olmos','haubi_vila@yahoo.com','Aguascalientes','Fenix 25','comunidad'),(389,'Hector Cervantes Hernandez','hulk_scut@hotmail.com','Hidalgo','14 Pachuca','comunidad'),(390,'Martha Plata','patys_plata@hotmail.com','Venustiano  Carranza','47 america','clan'),(391,'Zayayin Yang Rosas','zayayin_73@hotmail.com','Veracruz','Manatí 1','tropa'),(392,'Angel Medina','shirmathepooh@hotmail.com','campeche','3 xicalango cd del carmen','manada');
/*!40000 ALTER TABLE `users` ENABLE KEYS */;
UNLOCK TABLES;
/*!40103 SET TIME_ZONE=@OLD_TIME_ZONE */;

/*!40101 SET SQL_MODE=@OLD_SQL_MODE */;
/*!40014 SET FOREIGN_KEY_CHECKS=@OLD_FOREIGN_KEY_CHECKS */;
/*!40014 SET UNIQUE_CHECKS=@OLD_UNIQUE_CHECKS */;
/*!40101 SET CHARACTER_SET_CLIENT=@OLD_CHARACTER_SET_CLIENT */;
/*!40101 SET CHARACTER_SET_RESULTS=@OLD_CHARACTER_SET_RESULTS */;
/*!40101 SET COLLATION_CONNECTION=@OLD_COLLATION_CONNECTION */;
/*!40111 SET SQL_NOTES=@OLD_SQL_NOTES */;

-- Dump completed on 2017-08-19 18:57:10
